"ID","class"
1,0.2141
2,0.2593
3,0.4626
4,0.3048
5,0.0994
6,0.2513
7,0.4379
8,0.4086
9,0.4772
10,0.4873
11,0.0896
12,0.2967
13,0.0433
14,0.2617
15,0.3448
16,0.0841
17,0.2718
18,0.3424
19,0.2325
20,0.2826
21,0.0338
22,0.4867
23,0.3262
24,0.4898
25,0.4094
26,0.1938
27,0.1624
28,0.2068
29,0.4126
30,0.1253
31,0.2296
32,0.0473
33,0.4697
34,0.0782
35,0.4497
36,0.4917
37,0.0798
38,0.0327
39,0.3834
40,0.3895
41,0.4448
42,0.1084
43,0.1467
44,0.2144
45,0.1819
46,0.2188
47,0.3443
48,0.4523
49,0.0589
50,0.4657
51,0.2976
52,0.1898
53,0.2223
54,0.1844
55,0.1255
56,0.1118
57,0.4465
58,0.4559
59,0.4718
60,0.2502
61,0.1669
62,0.4642
63,0.2575
64,0.2134
65,0.4306
66,0.3811
67,0.4069
68,0.2111
69,0.0648
70,0.3594
71,0.3665
72,0.0548
73,0.4325
74,0.3587
75,0.4566
76,0.4904
77,0.1245
78,0.2552
79,0.2047
80,0.2625
81,0.3675
82,0.1966
83,0.2221
84,0.3668
85,0.4691
86,0.2024
87,0.1118
88,0.3383
89,0.2147
90,0.1443
91,0.047
92,0.1491
93,0.1313
94,0.2191
95,0.3916
96,0.4748
97,0.3846
98,0.2195
99,0.1674
100,0.4007
101,0.023
102,0.2182
103,0.4639
104,0.372
105,0.3258
106,0.3275
107,0.2118
108,0.206
109,0.2023
110,0.1254
111,0.174
112,0.2773
113,0.3998
114,0.0531
115,0.2327
116,0.4557
117,0.1922
118,0.3058
119,0.2237
120,0.051
121,0.1724
122,0.0527
123,0.0296
124,0.1343
125,0.0873
126,0.3619
127,0.016
128,0.0496
129,0.0489
130,0.4515
131,0.0361
132,0.2947
133,0.2243
134,0.3353
135,0.4759
136,0.3663
137,0.0919
138,0.2797
139,0.1908
140,0.2128
141,0.0483
142,0.3546
143,0.3771
144,0.4649
145,0.2579
146,0.3521
147,0.4698
148,0.4371
149,0.4364
150,0.1023
151,0.3308
152,0.2998
153,0.3054
154,0.4887
155,0.1248
156,0.1498
157,0.3507
158,0.0117
159,0.1437
160,0.4724
161,0.3142
162,0.0698
163,0.3543
164,0.403
165,0.3853
166,0.2568
167,0.1589
168,0.3436
169,0.3148
170,0.0345
171,0.2239
172,0.0667
173,0.3908
174,0.4322
175,0.1708
176,0.1859
177,0.0333
178,0.0294
179,0.2235
180,0.4744
181,0.1996
182,0.0766
183,0.4426
184,0.3279
185,0.2463
186,0.2443
187,0.3936
188,0.0482
189,0.0065
190,0.075
191,0.4461
192,0.4856
193,0.1892
194,0.175
195,0.3582
196,0.046
197,0.1303
198,0.4847
199,0.1171
200,0.0129
201,0.2068
202,0.4959
203,0.271
204,0.3227
205,0.0289
206,0.4748
207,0.2376
208,0.4825
209,0.3203
210,0.0263
211,0.2445
212,0.0543
213,0.155
214,0.003
215,0.0795
216,0.4263
217,0.4676
218,0.1747
219,0.2367
220,0.0102
221,0.3297
222,0.2969
223,0.0117
224,0.4476
225,0.2625
226,0.205
227,0.4408
228,0.4095
229,0.2754
230,0.3821
231,0.4982
232,0.2109
233,0.4988
234,0.3371
235,0.0406
236,0.1414
237,0.017
238,0.0497
239,0.2915
240,0.4975
241,0.1448
242,0.3178
243,0.4249
244,0.0102
245,0.0529
246,0.0406
247,0.2096
248,0.0221
249,0.0829
250,0.1613
251,0.3694
252,0.0394
253,0.429
254,0.2669
255,0.0553
256,0.0303
257,0.1883
258,0.4291
259,0.3199
260,0.168
261,0.0853
262,0.0554
263,0.0601
264,0.3034
265,0.283
266,0.1272
267,0.4473
268,0.2113
269,0.172
270,0.1204
271,0.4739
272,0.2866
273,0.2099
274,0.1152
275,0.3109
276,0.0168
277,0.2256
278,0.1227
279,0.492
280,0.4349
281,0.3984
282,0.1757
283,0.4299
284,0.3288
285,0.348
286,0.4053
287,0.1917
288,0.1631
289,0.0307
290,0.2679
291,0.4718
292,0.0252
293,0.0872
294,0.2792
295,0.2168
296,0.3871
297,0.0433
298,0.0656
299,0.1757
300,0.1846
301,0.359
302,0.4804
303,0.296
304,0.0508
305,0.2519
306,0.3288
307,0.188
308,0.465
309,0.2121
310,0.0361
311,0.3229
312,0.3559
313,0.2521
314,0.116
315,0.1315
316,0.2466
317,0.1752
318,0.1962
319,0.4443
320,0.2631
321,0.3415
322,0.4574
323,0.3499
324,0.0438
325,0.3155
326,0.4048
327,0.329
328,0.1053
329,0.3241
330,0.0999
331,0.0604
332,0.0931
333,0.4417
334,0.289
335,0.1833
336,0.3576
337,0.212
338,0.2028
339,0.0845
340,0.1337
341,0.4481
342,0.1559
343,0.0828
344,0.4486
345,0.2999
346,0.1276
347,0.2506
348,0.0967
349,0.0148
350,0.0519
351,0.3024
352,0.1803
353,0.1565
354,0.2806
355,0.2928
356,0.3858
357,0.4883
358,0.214
359,0.2317
360,0.1828
361,0.3535
362,0.0145
363,0.0016
364,0.0972
365,0.4844
366,0.1547
367,0.2624
368,0.3107
369,0.2893
370,0.3981
371,0.4771
372,0.0287
373,0.3956
374,0.0811
375,0.082
376,0.4183
377,0.1363
378,0.2682
379,0.3583
380,0.3923
381,0.3847
382,0.0955
383,0.2969
384,0.0105
385,0.1877
386,0.386
387,0.0422
388,0.3054
389,0.2325
390,0.0077
391,0.0544
392,0.3238
393,0.1911
394,0.267
395,0.4073
396,0.1785
397,0.4195
398,0.2036
399,0.1364
400,0.1548
401,0.0038
402,0.0721
403,0.1524
404,0.3962
405,0.3822
406,0.126
407,0.2008
408,0.4285
409,0.4953
410,0.2181
411,0.2963
412,0.2733
413,0.2146
414,0.4897
415,0.371
416,0.0912
417,0.019
418,0.0825
419,0.1302
420,0.1315
421,0.3878
422,0.1898
423,0.2317
424,0.4607
425,0.2069
426,0.4203
427,0.2764
428,0.2302
429,0.373
430,0.088
431,0.2086
432,0.3524
433,0.3019
434,0.1031
435,0.3791
436,0.2866
437,0.3296
438,0.2649
439,0.3744
440,0.0249
441,0.1891
442,0.2918
443,0.3483
444,0.3685
445,0.0793
446,0.0271
447,0.4358
448,0.4777
449,0.1815
450,0.0841
451,0.419
452,0.1713
453,0.3517
454,0.1692
455,0.1461
456,0.4235
457,0.3141
458,0.1183
459,0.3203
460,0.4409
461,0.3116
462,0.3353
463,0.4166
464,0.1217
465,0.4015
466,0.1458
467,0.4377
468,0.3168
469,0.0927
470,0.1476
471,0.1574
472,0.332
473,0.0953
474,0.3981
475,0.0784
476,0.0589
477,0.1386
478,0.117
479,0.2828
480,0.2541
481,0.4266
482,0.479
483,0.3672
484,0.0492
485,0.2764
486,0.3446
487,0.1026
488,0.4378
489,0.3968
490,0.0965
491,0.0632
492,0.2043
493,0.1915
494,0.1159
495,0.3751
496,0.2479
497,0.3739
498,0.0057
499,0.3385
500,0.0168
501,0.2652
502,0.4913
503,0.0996
504,0.3389
505,0.1893
506,0.2441
507,0.3789
508,0.1499
509,0.0429
510,0.425
511,0.056
512,0.3889
513,0.0743
514,0.302
515,0.1333
516,0.2523
517,0.0063
518,0.3495
519,0.1985
520,0.4403
521,0.0513
522,0.3592
523,0.4897
524,0.3288
525,0.4528
526,0.3563
527,0.413
528,0.2129
529,0.2287
530,0.259
531,0.1697
532,0.1951
533,0.4455
534,0.0818
535,0.2562
536,0.0593
537,0.2124
538,0.2876
539,0.2918
540,0.0516
541,0.09
542,0.1878
543,0.479
544,0.1915
545,0.423
546,0.4364
547,0.0996
548,0.2376
549,0.312
550,0.3618
551,0.4143
552,0.3556
553,0.3347
554,0.4456
555,0.2122
556,0.3194
557,0.2655
558,0.1103
559,0.3299
560,0.454
561,0.2889
562,0.0688
563,0.4538
564,0.0864
565,0.4136
566,0.0217
567,0.2923
568,0.4347
569,0.4451
570,0.2984
571,0.2539
572,0.4193
573,0.3999
574,0.0923
575,0.1077
576,0.2098
577,0.2673
578,0.3624
579,0.2394
580,0.1928
581,0.2
582,0.2995
583,0.4968
584,0.0563
585,0.0361
586,0.3727
587,0.2309
588,0.1289
589,0.4516
590,0.1201
591,0.1414
592,0.3585
593,0.0976
594,0.0764
595,0.3188
596,0.1203
597,0.0846
598,0.1752
599,0.2079
600,0.0589
601,0.262
602,0.0301
603,0.1657
604,0.0074
605,0.008
606,0.2233
607,0.2679
608,0.4197
609,5e-04
610,0.171
611,0.4291
612,0.3267
613,0.0595
614,0.1979
615,0.0693
616,0.4132
617,0.2986
618,0.0016
619,0.1281
620,0.0138
621,0.2725
622,0.1086
623,0.1962
624,0.3568
625,0.4667
626,0.4633
627,0.2131
628,0.2156
629,0.3776
630,0.1337
631,0.3618
632,0.335
633,0.2995
634,0.0662
635,0.4616
636,0.1121
637,0.1602
638,0.1793
639,0.0101
640,0.1332
641,0.0405
642,0.0863
643,0.0517
644,0.315
645,0.0844
646,0.3229
647,0.321
648,0.2141
649,0.0254
650,0.421
651,0.3893
652,0.0695
653,0.0232
654,0.003
655,0.4555
656,0.4293
657,0.2764
658,0.3117
659,0.3146
660,0.0848
661,0.46
662,0.2627
663,0.3677
664,0.3158
665,0.3307
666,0.4223
667,0.1971
668,0.2901
669,0.0865
670,0.0439
671,0.2709
672,0.3168
673,0.4403
674,0.0952
675,0.3499
676,0.3485
677,0.3171
678,0.0197
679,0.4397
680,0.3205
681,0.4237
682,0.2916
683,0.2574
684,0.1113
685,0.1981
686,0.4837
687,0.2698
688,0.3401
689,0.2515
690,0.4914
691,0.114
692,0.4458
693,0.2954
694,0.1496
695,0.0683
696,0.0562
697,0.3547
698,0.4517
699,0.3675
700,0.3149
701,0.4154
702,0.216
703,0.263
704,0.4548
705,0.0731
706,0.1857
707,0.0451
708,0.1358
709,0.1022
710,0.3502
711,0.2082
712,0.4612
713,0.3033
714,0.3043
715,0.0519
716,0.2243
717,0.3341
718,0.2973
719,0.2895
720,0.1465
721,0.416
722,0.2262
723,0.3905
724,0.0633
725,0.3653
726,0.0889
727,0.2073
728,0.0432
729,0.3208
730,0.3023
731,0.2535
732,0.0165
733,0.0851
734,0.0679
735,0.3336
736,0.158
737,0.3571
738,0.0695
739,0.2298
740,0.4968
741,0.0062
742,0.0832
743,0.4116
744,0.3928
745,0.3612
746,0.0955
747,0.0013
748,0.4759
749,0.4496
750,0.0819
751,0.1764
752,0.1272
753,0.0458
754,0.1424
755,0.4145
756,0.0307
757,0.0253
758,0.094
759,0.1875
760,0.4379
761,0.1791
762,0.0921
763,0.1446
764,0.3096
765,0.1299
766,0.4743
767,0.4764
768,0.1573
769,0.2715
770,0.4082
771,0.1995
772,0.3024
773,0.3464
774,0.3548
775,0.2082
776,0.1584
777,0.4267
778,0.0014
779,0.388
780,0.111
781,0.1208
782,0.107
783,0.2914
784,0.3947
785,0.4893
786,0.4757
787,0.0389
788,0.2601
789,0.1227
790,0.0451
791,0.1175
792,0.0184
793,0.4265
794,0.4883
795,0.0177
796,0.4218
797,0.4571
798,0.3786
799,0.1779
800,0.4
801,0.2814
802,0.3611
803,0.0542
804,0.2879
805,0.3454
806,0.3898
807,0.0886
808,0.0386
809,0.2559
810,0.1172
811,0.3154
812,0.4754
813,0.3491
814,0.1364
815,0.106
816,0.4654
817,0.2368
818,0.1841
819,0.2808
820,0.2183
821,0.292
822,0.0281
823,0.4747
824,0.0016
825,0.1712
826,0.2755
827,0.4365
828,0.4429
829,0.3436
830,0.318
831,0.0172
832,0.4667
833,0.3566
834,0.4392
835,0.3595
836,0.2115
837,0.1471
838,0.0459
839,0.3598
840,0.1272
841,0.4326
842,0.4915
843,0.3588
844,0.3602
845,0.3942
846,0.0624
847,0.0075
848,0.3169
849,0.0305
850,0.0377
851,0.2665
852,0.0538
853,0.2912
854,0.3429
855,0.0041
856,0.0201
857,0.0911
858,0.3543
859,0.4491
860,0.1032
861,0.2184
862,0.4599
863,0.0351
864,0.3101
865,0.3191
866,0.1293
867,0.0911
868,0.1624
869,0.2495
870,0.115
871,0.1005
872,0.2877
873,0.1977
874,0.384
875,0.2245
876,0.4471
877,0.2362
878,0.2682
879,0.0967
880,0.4329
881,0.4306
882,0.2878
883,0.2952
884,0.218
885,0.487
886,0.0428
887,0.4777
888,0.4804
889,0.3598
890,0.2585
891,0.258
892,0.2722
893,0.4589
894,0.0261
895,0.267
896,0.3943
897,0.009
898,0.3142
899,0.3038
900,0.3473
901,0.176
902,0.323
903,0.0334
904,0.3862
905,0.008
906,0.17
907,0.0988
908,0.2123
909,0.3669
910,0.2384
911,0.0925
912,0.1258
913,0.3389
914,0.0944
915,0.4288
916,0.3179
917,0.3547
918,0.4519
919,0.1855
920,0.462
921,0.3747
922,0.3252
923,0.3529
924,0.3407
925,0.1868
926,0.0338
927,0.3319
928,0.0368
929,0.0589
930,0.3903
931,0.153
932,0.4835
933,0.2692
934,0.0343
935,0.1898
936,0.2209
937,0.0163
938,0.1264
939,0.4502
940,0.2774
941,0.3406
942,0.033
943,0.2727
944,0.3128
945,0.3864
946,0.0789
947,0.4834
948,0.392
949,0.0983
950,0.4657
951,0.3861
952,0.2085
953,0.0551
954,0.2716
955,0.2409
956,0.2471
957,0.0084
958,0.1102
959,0.2731
960,0.2385
961,0.2075
962,0.4306
963,0.3961
964,0.3068
965,0.3769
966,0.2841
967,0.3849
968,0.0554
969,0.0635
970,0.286
971,0.3217
972,0.0419
973,0.2363
974,0.0908
975,0.4279
976,0.4931
977,0.0647
978,0.0657
979,0.3999
980,0.2969
981,0.2435
982,0.1796
983,0.3114
984,0.3068
985,0.3663
986,0.2647
987,0.0376
988,0.1101
989,0.3259
990,0.4387
991,0.2843
992,0.3084
993,0.3621
994,0.1322
995,0.2441
996,0.4567
997,0.4273
998,0.235
999,0.2812
1000,0.2573
1001,0.1166
1002,0.1574
1003,0.4505
1004,0.4246
1005,0.0678
1006,0.1217
1007,0.3157
1008,0.0124
1009,0.3839
1010,0.3861
1011,0.0843
1012,0.4081
1013,0.4667
1014,0.3143
1015,0.1174
1016,0.2753
1017,0.4676
1018,0.0725
1019,0.0558
1020,0.3406
1021,0.3741
1022,0.2908
1023,0.2629
1024,0.2102
1025,0.3344
1026,0.2431
1027,0.4674
1028,0.0337
1029,0.0033
1030,0.1893
1031,0.2823
1032,0.2955
1033,0.2067
1034,0.1338
1035,0.2236
1036,0.3444
1037,0.0725
1038,0.0826
1039,0.2056
1040,0.1232
1041,0.0968
1042,0.2152
1043,0.0776
1044,0.2607
1045,0.3521
1046,0.1821
1047,0.1062
1048,0.0092
1049,0.0046
1050,0.0687
1051,0.4983
1052,0.3515
1053,0.2496
1054,0.3848
1055,0.4909
1056,0.2831
1057,0.48
1058,0.0454
1059,0.2522
1060,0.2927
1061,0.221
1062,0.2393
1063,0.337
1064,0.3068
1065,0.1133
1066,0.435
1067,0.3212
1068,0.2877
1069,0.0564
1070,0.0555
1071,0.1403
1072,0.1989
1073,0.2478
1074,0.123
1075,0.2249
1076,0.3028
1077,0.1943
1078,0.0804
1079,0.3752
1080,0.362
1081,0.2212
1082,0.1347
1083,0.0151
1084,0.3331
1085,0.1605
1086,0.1321
1087,0.3201
1088,0.1009
1089,0.3766
1090,0.0148
1091,0.4553
1092,0.4795
1093,0.3666
1094,0.4451
1095,0.1228
1096,0.4531
1097,0.2212
1098,0.403
1099,0.4123
1100,0.482
1101,0.1925
1102,0.0371
1103,0.0431
1104,0.4174
1105,0.0498
1106,0.0488
1107,0.04
1108,0.4962
1109,0.2852
1110,0.1827
1111,0.0012
1112,0.066
1113,0.1876
1114,0.1859
1115,0.2355
1116,0.2764
1117,0.1231
1118,0.1265
1119,0.4208
1120,0.0473
1121,0.21
1122,0.1937
1123,0.1002
1124,0.0981
1125,0.4365
1126,0.3987
1127,0.1868
1128,0.4628
1129,0.4662
1130,0.0634
1131,0.3194
1132,0.1065
1133,0.1809
1134,0.0296
1135,0.0927
1136,0.3325
1137,0.1273
1138,0.2105
1139,0.2555
1140,0.2025
1141,0.3327
1142,0.4336
1143,0.3043
1144,0.3008
1145,0.0467
1146,0.1612
1147,0.2414
1148,0.4105
1149,0.235
1150,0.3101
1151,0.1637
1152,0.3316
1153,0.1939
1154,0.2479
1155,0.2914
1156,0.1631
1157,0.1406
1158,0.1099
1159,0.2212
1160,0.1992
1161,0.137
1162,0.2905
1163,0.2828
1164,0.3443
1165,0.231
1166,0.1996
1167,0.2947
1168,0.4755
1169,0.2228
1170,0.1711
1171,0.2748
1172,0.3891
1173,0.3057
1174,0.2666
1175,0.3056
1176,0.1686
1177,0.0354
1178,0.4723
1179,0.4122
1180,0.0574
1181,0.4966
1182,0.0158
1183,0.3285
1184,0.2867
1185,0.0811
1186,0.375
1187,0.1713
1188,0.2558
1189,0.4804
1190,0.025
1191,0.0463
1192,0.0561
1193,0.1264
1194,0.4759
1195,0.3461
1196,0.2015
1197,0.3234
1198,0.2476
1199,0.3389
1200,0.2812
1201,0.4053
1202,0.3485
1203,0.4964
1204,0.4906
1205,0.0491
1206,0.2306
1207,0.3839
1208,0.1097
1209,0.1801
1210,0.2153
1211,0.3636
1212,0.4304
1213,0.368
1214,0.0625
1215,0.1672
1216,0.0735
1217,0.3119
1218,0.3798
1219,0.2754
1220,0.1686
1221,0.2463
1222,0.109
1223,0.4507
1224,0.012
1225,0.4059
1226,0.1645
1227,0.2269
1228,0.0696
1229,0.479
1230,0.1004
1231,0.1795
1232,0.3465
1233,0.3281
1234,0.1889
1235,0.3954
1236,0.1396
1237,0.2403
1238,0.2301
1239,0.2142
1240,0.44
1241,0.1819
1242,0.2281
1243,0.1806
1244,0.2353
1245,0.392
1246,0.3065
1247,0.2771
1248,0.4266
1249,0.3366
1250,0.4846
1251,0.3645
1252,0.2944
1253,0.2079
1254,0.4283
1255,0.1423
1256,0.0622
1257,0.0328
1258,0.1561
1259,0.3121
1260,0.3719
1261,0.212
1262,0.2031
1263,0.0817
1264,0.2904
1265,0.0186
1266,0.0807
1267,0.027
1268,0.4609
1269,0.4908
1270,0.2599
1271,0.4144
1272,0.2265
1273,0.328
1274,0.2153
1275,0.4143
1276,0.0562
1277,0.0446
1278,0.1824
1279,0.039
1280,0.2745
1281,0.4506
1282,0.3222
1283,0.128
1284,0.4427
1285,0.156
1286,0.123
1287,0.1692
1288,0.1763
1289,0.2826
1290,0.1804
1291,0.0193
1292,0.3617
1293,0.0014
1294,0.2454
1295,0.3519
1296,0.1782
1297,0.3682
1298,0.0219
1299,0.2922
1300,0.0135
1301,0.0498
1302,0.266
1303,0.3475
1304,0.458
1305,0.3394
1306,0.0675
1307,0.0282
1308,0.3748
1309,0.4042
1310,0.4255
1311,0.0709
1312,0.0205
1313,0.3524
1314,0.1164
1315,0.4128
1316,0.1698
1317,0.2948
1318,0.2723
1319,0.4492
1320,0.0094
1321,0.1558
1322,0.2494
1323,0.4227
1324,0.3725
1325,0.2644
1326,0.1502
1327,0.2084
1328,0.0279
1329,0.0962
1330,0.0238
1331,0.1873
1332,0.0265
1333,0.3575
1334,0.0892
1335,0.4211
1336,0.0312
1337,0.4815
1338,0.2295
1339,0.3536
1340,0.0255
1341,0.1254
1342,0.1721
1343,0.0844
1344,0.0786
1345,0.0921
1346,0.4354
1347,0.3009
1348,0.3121
1349,0.0527
1350,0.1005
1351,0.0297
1352,0.0087
1353,0.3632
1354,0.3514
1355,0.0873
1356,0.0446
1357,0.1264
1358,0.026
1359,0.1212
1360,0.153
1361,0.3364
1362,0.4724
1363,0.3148
1364,0.409
1365,0.3283
1366,0.0862
1367,0.1182
1368,0.4889
1369,0.2939
1370,0.1332
1371,0.4749
1372,0.0457
1373,0.3858
1374,0.2287
1375,0.3479
1376,0.1288
1377,0.1751
1378,0.4732
1379,0.2699
1380,0.1962
1381,0.1677
1382,0.3526
1383,0.136
1384,0.2317
1385,0.0014
1386,0.1448
1387,0.3013
1388,0.0569
1389,0.2646
1390,0.067
1391,0.0023
1392,0.3917
1393,0.1236
1394,0.4288
1395,0.3209
1396,0.1332
1397,0.271
1398,0.2579
1399,0.3236
1400,0.1946
1401,0.3161
1402,0.1003
1403,0.3406
1404,0.2751
1405,0.179
1406,0.4767
1407,0.2941
1408,0.4768
1409,0.4295
1410,0.1787
1411,0.2605
1412,0.1532
1413,0.3
1414,0.4947
1415,0.0269
1416,0.2908
1417,0.2414
1418,0.1368
1419,0.0271
1420,0.4896
1421,0.088
1422,0.2479
1423,0.0673
1424,0.4166
1425,0.2407
1426,0.3036
1427,0.0396
1428,0.2613
1429,0.311
1430,0.476
1431,0.4056
1432,0.3178
1433,0.4239
1434,0.0869
1435,0.4571
1436,0.2074
1437,0.1219
1438,0.4115
1439,0.1467
1440,0.3435
1441,0.39
1442,0.3155
1443,0.3286
1444,0.4553
1445,0.2765
1446,0.0484
1447,0.4192
1448,0.2545
1449,0.0698
1450,0.4595
1451,0.3386
1452,0.0266
1453,0.2078
1454,0.4116
1455,0.3242
1456,0.3571
1457,0.4828
1458,0.3706
1459,0.0552
1460,0.1174
1461,0.2243
1462,0.4087
1463,0.4719
1464,0.3559
1465,0.203
1466,0.4481
1467,0.2043
1468,0.1467
1469,0.1468
1470,0.2691
1471,0.0023
1472,0.3006
1473,0.361
1474,0.4443
1475,0.1757
1476,0.392
1477,0.238
1478,0.0378
1479,0.3416
1480,0.4924
1481,0.1839
1482,0.3107
1483,0.1409
1484,0.0752
1485,0.2618
1486,0.4269
1487,0.4297
1488,0.3481
1489,0.2858
1490,0.1834
1491,0.2411
1492,0.232
1493,0.4035
1494,0.0418
1495,0.3393
1496,0.4413
1497,0.4481
1498,0.4549
1499,0.1329
1500,0.2111
1501,0.3734
1502,0.3086
1503,0.1837
1504,0.0708
1505,0.3612
1506,0.3009
1507,0.2198
1508,0.0269
1509,0.3189
1510,0.3176
1511,0.2463
1512,0.0801
1513,0.4763
1514,0.1993
1515,0.3436
1516,0.0925
1517,0.3817
1518,0.1462
1519,0.3334
1520,0.3862
1521,0.0501
1522,0.3143
1523,0.3797
1524,0.3701
1525,0.4419
1526,0.1071
1527,0.2736
1528,0.1875
1529,0.1154
1530,0.2227
1531,0.167
1532,0.2614
1533,0.2842
1534,0.0891
1535,0.19
1536,0.2622
1537,0.154
1538,0.145
1539,0.1812
1540,0.1297
1541,0.3588
1542,0.2365
1543,0.2779
1544,0.3921
1545,0.2901
1546,0.199
1547,0.2757
1548,0.4839
1549,0.1341
1550,0.1483
1551,0.1543
1552,0.3971
1553,0.244
1554,0.0917
1555,0.0116
1556,0.2426
1557,0.068
1558,0.4125
1559,0.3157
1560,0.3938
1561,0.3451
1562,0.0953
1563,0.2699
1564,0.3504
1565,0.2222
1566,0.0588
1567,0.1287
1568,0.2188
1569,0.1984
1570,0.1523
1571,0.202
1572,0.4904
1573,0.1853
1574,0.1866
1575,0.0258
1576,0.1665
1577,0.2542
1578,0.214
1579,0.2613
1580,0.432
1581,0.098
1582,0.4879
1583,0.0456
1584,0.4395
1585,0.4649
1586,0.3993
1587,0.3556
1588,0.006
1589,0.2539
1590,0.29
1591,0.1038
1592,0.3901
1593,0.2991
1594,0.3634
1595,0.4338
1596,0.2278
1597,0.2109
1598,0.0293
1599,0.1992
1600,0.4688
1601,0.4803
1602,0.4321
1603,0.3899
1604,0.2658
1605,0.1837
1606,0.3653
1607,0.1744
1608,0.2917
1609,0.2025
1610,0.2603
1611,0.2104
1612,0.3772
1613,0.2986
1614,0.2074
1615,0.0291
1616,0.1237
1617,0.4962
1618,0.3434
1619,0.3005
1620,0.1964
1621,0.1346
1622,0.3843
1623,0.4205
1624,0.1438
1625,0.4886
1626,0.1158
1627,0.3281
1628,0.0377
1629,0.27
1630,0.1024
1631,0.0535
1632,0.4716
1633,0.1183
1634,0.4113
1635,0.0838
1636,0.2734
1637,0.2035
1638,0.3697
1639,0.4481
1640,0.0608
1641,0.3084
1642,0.4389
1643,0.2032
1644,0.2955
1645,0.2297
1646,0.341
1647,0.4506
1648,0.1681
1649,0.1339
1650,0.247
1651,0.3899
1652,0.054
1653,0.0288
1654,0.0856
1655,0.4779
1656,0.121
1657,0.1411
1658,0.0754
1659,0.4628
1660,0.3864
1661,0.4912
1662,0.0268
1663,0.0226
1664,0.0752
1665,0.2733
1666,0.0192
1667,0.2331
1668,0.0515
1669,0.1635
1670,0.2456
1671,0.1829
1672,0.0122
1673,0.2554
1674,0.1122
1675,0.2987
1676,0.146
1677,0.476
1678,0.166
1679,0.4532
1680,0.4689
1681,0.1745
1682,0.0883
1683,0.1141
1684,0.0354
1685,0.4742
1686,0.1841
1687,0.3667
1688,0.2178
1689,0.4055
1690,0.1779
1691,0.1346
1692,0.0756
1693,0.494
1694,0.433
1695,0.1904
1696,0.2711
1697,0.1663
1698,0.0997
1699,0.458
1700,0.2594
1701,0.3457
1702,0.3548
1703,0.2944
1704,0.3691
1705,0.2616
1706,0.1578
1707,0.3716
1708,0.4503
1709,0.2783
1710,0.0649
1711,0.3669
1712,0.0708
1713,0.074
1714,0.0507
1715,0.3124
1716,0.1788
1717,0.036
1718,0.3709
1719,0.3097
1720,0.4968
1721,0.3166
1722,0.0613
1723,0.4361
1724,0.4315
1725,0.24
1726,0.1679
1727,0.215
1728,0.0221
1729,0.4775
1730,0.083
1731,0.4105
1732,0.2162
1733,0.3521
1734,0.255
1735,0.443
1736,0.1755
1737,0.2716
1738,0.2796
1739,0.2253
1740,0.4424
1741,0.2731
1742,0.3514
1743,0.3091
1744,0.1201
1745,0.0496
1746,0.4396
1747,0.4821
1748,0.4266
1749,0.4249
1750,0.0018
1751,0.221
1752,0.2996
1753,0.2653
1754,0.237
1755,0.4344
1756,0.1273
1757,0.4291
1758,0.2253
1759,0.0775
1760,0.1552
1761,0.1637
1762,0.2905
1763,0.2897
1764,0.2529
1765,0.1607
1766,0.102
1767,0.4109
1768,0.418
1769,0.1804
1770,0.2682
1771,0.0944
1772,0.4045
1773,0.2955
1774,0.3695
1775,0.0068
1776,0.4768
1777,0.4532
1778,0.2645
1779,0.4879
1780,0.0047
1781,0.0542
1782,0.0995
1783,0.4231
1784,0.3929
1785,0.2215
1786,0.1715
1787,0.1061
1788,0.3539
1789,0.0978
1790,0.1849
1791,0.4862
1792,0.1595
1793,0.1054
1794,0.452
1795,0.4336
1796,0.0334
1797,0.1855
1798,0.306
1799,0.0293
1800,0.0264
1801,0.4909
1802,0.0061
1803,0.4847
1804,0.2586
1805,0.3757
1806,0.285
1807,0.1253
1808,0.423
1809,0.2866
1810,0.127
1811,0.2782
1812,0.0605
1813,0.4445
1814,0.0903
1815,0.4366
1816,0.1286
1817,0.2226
1818,0.3927
1819,0.1312
1820,0.3896
1821,0.239
1822,0.2401
1823,0.1061
1824,0.0704
1825,0.0975
1826,0.4249
1827,0.4513
1828,0.2391
1829,0.3217
1830,0.3959
1831,0.4424
1832,0.151
1833,0.4879
1834,0.4824
1835,0.248
1836,0.4077
1837,0.4028
1838,0.2187
1839,0.1255
1840,0.3329
1841,0.1694
1842,0.1615
1843,0.2259
1844,0.3327
1845,0.3786
1846,0.4338
1847,0.1373
1848,0.1665
1849,0.1884
1850,0.0676
1851,0.4282
1852,0.3749
1853,0.3439
1854,0.3826
1855,0.2396
1856,0.1941
1857,0.1867
1858,0.1062
1859,0.4494
1860,0.327
1861,0.1199
1862,0.3679
1863,0.2031
1864,0.3874
1865,0.0396
1866,0.4222
1867,0.1888
1868,0.0116
1869,0.0449
1870,0.3712
1871,0.2834
1872,0.2228
1873,0.0367
1874,0.2445
1875,0.149
1876,0.4294
1877,0.3145
1878,0.4755
1879,0.4603
1880,0.4162
1881,0.1754
1882,0.2747
1883,0.2262
1884,0.0704
1885,0.0961
1886,0.0663
1887,0.1991
1888,0.4725
1889,0.3271
1890,0.1117
1891,0.4047
1892,0.1359
1893,0.1248
1894,0.4746
1895,0.3813
1896,0.0362
1897,0.2159
1898,0.0129
1899,0.4967
1900,0.0208
1901,0.2021
1902,0.4954
1903,0.1501
1904,0.1653
1905,0.0881
1906,0.2458
1907,0.1491
1908,0.2095
1909,0.4788
1910,0.0154
1911,0.2077
1912,0.226
1913,0.4999
1914,0.4552
1915,0.3058
1916,0.2653
1917,0.2563
1918,0.2586
1919,0.3601
1920,0.0039
1921,0.3181
1922,0.3956
1923,0.0668
1924,0.1952
1925,0.3504
1926,0.3972
1927,0.3189
1928,0.2891
1929,0.1957
1930,0.4308
1931,0.3404
1932,0.476
1933,0.0794
1934,0.1506
1935,0.4438
1936,0.0417
1937,0.0696
1938,0.1
1939,0.1154
1940,0.2641
1941,0.3315
1942,0.4588
1943,0.2497
1944,0.2441
1945,0.3928
1946,0.087
1947,0.2675
1948,0.132
1949,0.2104
1950,0.2884
1951,0.0998
1952,0.4786
1953,0.3076
1954,0.3177
1955,0.4394
1956,0.2932
1957,0.2116
1958,0.043
1959,0.1804
1960,0.3551
1961,0.4548
1962,0.2425
1963,0.1529
1964,0.4414
1965,0.451
1966,0.1653
1967,0.4379
1968,0.2648
1969,0.0707
1970,0.4748
1971,0.4533
1972,0.1696
1973,0.4433
1974,0.1243
1975,0.4489
1976,0.4618
1977,0.0172
1978,0.1105
1979,0.2989
1980,0.237
1981,0.0958
1982,0.4735
1983,0.2991
1984,0.493
1985,0.0971
1986,0.2724
1987,0.481
1988,0.088
1989,0.1905
1990,0.3584
1991,0.4949
1992,0.1241
1993,0.1915
1994,0.1884
1995,0.2022
1996,0.397
1997,0.0281
1998,0.2825
1999,0.4227
2000,0.2635
2001,0.3842
2002,0.3405
2003,0.0667
2004,0.2429
2005,0.2126
2006,0.2584
2007,0.4023
2008,0.2644
2009,0.4411
2010,0.4682
2011,0.433
2012,0.2122
2013,0.3796
2014,0.2634
2015,0.3965
2016,0.3575
2017,0.4552
2018,0.4552
2019,0.3461
2020,0.3522
2021,0.0211
2022,0.02
2023,0.2036
2024,0.1537
2025,0.1532
2026,0.462
2027,0.3787
2028,0.1075
2029,0.4592
2030,0.4823
2031,0.1
2032,0.4508
2033,0.1346
2034,0.2012
2035,0.18
2036,0.4218
2037,0.0603
2038,0.3489
2039,0.1881
2040,0.4264
2041,0.4086
2042,0.3025
2043,0.3824
2044,0.4841
2045,0.3132
2046,0.2747
2047,0.3342
2048,0.2485
2049,0.4812
2050,0.3205
2051,0.1849
2052,0.0615
2053,0.4618
2054,0.3538
2055,0.1664
2056,0.3185
2057,0.4971
2058,0.1151
2059,0.4039
2060,0.4944
2061,0.3973
2062,0.1164
2063,0.1299
2064,0.175
2065,0.3059
2066,0.2027
2067,0.3965
2068,0.296
2069,0.4663
2070,0.423
2071,0.4038
2072,0.0544
2073,0.3323
2074,0.1346
2075,0.3106
2076,0.0325
2077,0.0756
2078,0.2978
2079,0.2074
2080,0.0476
2081,0.1944
2082,0.1035
2083,0.3664
2084,0.4863
2085,0.0371
2086,0.3539
2087,0.4442
2088,0.4685
2089,0.3509
2090,0.3256
2091,0.104
2092,0.1787
2093,0.3983
2094,0.1783
2095,0.0729
2096,0.369
2097,0.3832
2098,0.1375
2099,0.2269
2100,0.21
2101,0.3237
2102,0.2454
2103,0.4469
2104,0.3844
2105,0.1481
2106,0.0193
2107,0.0258
2108,0.4334
2109,0.1915
2110,0.0044
2111,0.3169
2112,0.3501
2113,0.0693
2114,0.3154
2115,0.3383
2116,0.2609
2117,0.0911
2118,0.0238
2119,6e-04
2120,0.493
2121,0.4997
2122,0.4749
2123,0.1987
2124,0.0293
2125,0.4158
2126,0.3241
2127,0.417
2128,0.1714
2129,0.0466
2130,0.0945
2131,0.4808
2132,0.2976
2133,0.3678
2134,0.3195
2135,0.4425
2136,0.4318
2137,0.3213
2138,0.4345
2139,0.2243
2140,0.0743
2141,0.1169
2142,0.4637
2143,0.204
2144,0.0283
2145,0.3152
2146,0.3335
2147,0.088
2148,0.2865
2149,0.3442
2150,0.328
2151,0.3722
2152,0.1789
2153,0.1176
2154,0.3859
2155,0.3998
2156,0.4755
2157,0.2538
2158,0.4977
2159,0.0544
2160,0.0919
2161,0.4889
2162,0.4924
2163,0.4814
2164,0.0306
2165,0.3644
2166,0.1524
2167,0.2824
2168,0.1596
2169,0.4425
2170,0.331
2171,0.3076
2172,0.3821
2173,0.492
2174,0.2388
2175,0.4799
2176,0.2475
2177,0.0589
2178,0.463
2179,0.2678
2180,0.2614
2181,0.2588
2182,0.275
2183,0.2648
2184,0.2683
2185,0.0978
2186,0.2383
2187,0.1473
2188,0.0512
2189,0.2958
2190,0.1628
2191,0.2149
2192,0.2357
2193,0.1234
2194,0.4051
2195,0.2469
2196,0.0494
2197,0.0737
2198,0.0959
2199,0.2541
2200,0.0501
2201,0.3463
2202,0.3012
2203,0.1475
2204,0.1092
2205,0.4347
2206,0.4951
2207,0.3858
2208,0.3533
2209,0.0412
2210,0.4812
2211,0.0822
2212,0.3599
2213,0.3899
2214,0.019
2215,0.1006
2216,0.4541
2217,0.2268
2218,0.461
2219,0.4767
2220,0.4289
2221,0.2043
2222,0.2818
2223,0.2309
2224,0.0385
2225,0.0865
2226,0.2854
2227,0.1286
2228,0.0419
2229,0.4269
2230,0.3398
2231,0.1949
2232,0.4772
2233,0.4391
2234,0.1417
2235,0.2875
2236,0.4138
2237,0.2579
2238,0.437
2239,0.2634
2240,0.4896
2241,0.2363
2242,0.1839
2243,0.1331
2244,0.4393
2245,0.1261
2246,0.1203
2247,0.0217
2248,0.0982
2249,0.4651
2250,0.2386
2251,0.1114
2252,0.2751
2253,0.4072
2254,0.3432
2255,0.0991
2256,0.4357
2257,0.0534
2258,0.2484
2259,0.2995
2260,0.0072
2261,0.3353
2262,0.2432
2263,0.4207
2264,0.4363
2265,0.4816
2266,0.2076
2267,0.439
2268,0.2601
2269,0.1579
2270,0.1046
2271,0.2938
2272,0.2347
2273,0.4637
2274,0.116
2275,0.247
2276,0.1594
2277,0.43
2278,0.0299
2279,0.0421
2280,0.1061
2281,0.4294
2282,0.1799
2283,0.3
2284,0.3734
2285,0.1845
2286,0.2492
2287,0.2119
2288,0.3552
2289,0.2755
2290,0.3205
2291,0.1639
2292,0.0137
2293,0.2762
2294,0.267
2295,0.0329
2296,0.2699
2297,0.3481
2298,0.246
2299,0.1503
2300,0.3494
2301,0.4192
2302,0.1129
2303,0.0887
2304,0.3374
2305,0.2705
2306,0.4218
2307,0.3293
2308,0.3759
2309,0.107
2310,0.1299
2311,0.0298
2312,0.258
2313,0.2902
2314,0.0238
2315,0.449
2316,0.1485
2317,0.3738
2318,0.4835
2319,0.3958
2320,0.3737
2321,0.442
2322,0.15
2323,0.2801
2324,0.1954
2325,0.3685
2326,0.1663
2327,0.1468
2328,0.3546
2329,0.2413
2330,0.1395
2331,0.283
2332,0.2189
2333,0.4397
2334,0.3969
2335,0.4622
2336,0.2346
2337,0.011
2338,0.2148
2339,0.0452
2340,0.034
2341,0.4405
2342,0.2808
2343,0.3325
2344,0.3832
2345,0.0258
2346,0.2436
2347,0.4323
2348,0.1088
2349,0.1935
2350,0.3674
2351,0.3352
2352,0.1128
2353,0.041
2354,0.3349
2355,0.0538
2356,0.0824
2357,0.468
2358,0.3868
2359,0.1911
2360,0.349
2361,0.3891
2362,0.0812
2363,0.0409
2364,0.1754
2365,0.3561
2366,0.3496
2367,0.3892
2368,0.1412
2369,0.162
2370,0.2768
2371,0.1786
2372,0.1707
2373,0.1933
2374,0.2015
2375,0.3969
2376,0.2193
2377,0.4054
2378,0.1326
2379,0.2195
2380,0.3416
2381,0.4038
2382,0.2978
2383,0.0535
2384,0.3717
2385,0.0685
2386,0.0059
2387,0.1186
2388,0.1474
2389,0.2733
2390,0.0623
2391,0.1344
2392,0.4501
2393,0.3542
2394,0.2257
2395,0.0365
2396,0.3709
2397,0.0825
2398,0.4718
2399,0.0677
2400,0.3438
2401,0.0237
2402,0.3953
2403,0.3696
2404,0.1576
2405,0.332
2406,0.0507
2407,0.0658
2408,0.2654
2409,0.4947
2410,0.103
2411,0.2243
2412,0.3854
2413,0.3601
2414,0.0403
2415,0.4384
2416,0.2263
2417,0.3161
2418,0.4219
2419,0.0204
2420,0.0562
2421,0.0796
2422,0.4598
2423,0.472
2424,0.4301
2425,0.0783
2426,0.0852
2427,0.0197
2428,0.052
2429,0.3404
2430,0.2616
2431,0.4753
2432,0.422
2433,0.2809
2434,0.0973
2435,0.0401
2436,0.0563
2437,0.4772
2438,0.0271
2439,0.3296
2440,0.4396
2441,0.1756
2442,0.0318
2443,0.0394
2444,0.1743
2445,0.0405
2446,0.0966
2447,0.0506
2448,0.4165
2449,0.4103
2450,0.2353
2451,0.2059
2452,0.0334
2453,0.0848
2454,0.3207
2455,0.0594
2456,0.3594
2457,0.0024
2458,0.4766
2459,0.4659
2460,0.0945
2461,0.2301
2462,0.4007
2463,0.3468
2464,0.0386
2465,0.325
2466,0.2604
2467,0.4297
2468,0.0696
2469,0.2569
2470,0.4963
2471,0.1896
2472,0.3836
2473,0.0891
2474,0.1917
2475,0.3223
2476,0.2326
2477,0.0016
2478,0.1955
2479,0.1594
2480,0.2488
2481,0.3625
2482,0.4161
2483,0.3722
2484,0.2728
2485,0.1005
2486,0.1544
2487,0.1208
2488,0.111
2489,0.4482
2490,0.3787
2491,0.4783
2492,0.0994
2493,0.1731
2494,0.0693
2495,0.4611
2496,0.0342
2497,0.3597
2498,0.2956
2499,0.301
2500,0.1923
2501,0.0963
2502,0.3627
2503,0.1077
2504,0.2784
2505,0.3195
2506,0.0259
2507,0.1924
2508,0.3624
2509,0.087
2510,0.275
2511,0.3076
2512,0.1717
2513,0.332
2514,0.2423
2515,0.4366
2516,0.4396
2517,0.066
2518,0.2779
2519,0.4721
2520,0.3576
2521,0.4048
2522,0.2322
2523,0.1665
2524,0.3808
2525,0.0432
2526,0.295
2527,0.1136
2528,0.2624
2529,0.4448
2530,0.1254
2531,0.2025
2532,0.2792
2533,0.0752
2534,0.3751
2535,0.2746
2536,0.4393
2537,0.4548
2538,0.3212
2539,0.1247
2540,0.2603
2541,0.1688
2542,0.4367
2543,0.2105
2544,0.1766
2545,0.1286
2546,0.0311
2547,0.2743
2548,0.4017
2549,0.3843
2550,0.0228
2551,0.3117
2552,0.0717
2553,0.3404
2554,0.4684
2555,0.1747
2556,0.4349
2557,0.4471
2558,0.3867
2559,0.3813
2560,0.3027
2561,0.0269
2562,0.0904
2563,0.3157
2564,0.2136
2565,0.2846
2566,0.0727
2567,0.0301
2568,0.3379
2569,0.3587
2570,0.2113
2571,0.391
2572,0.4192
2573,0.3914
2574,0.2409
2575,0.0918
2576,0.1472
2577,0.3474
2578,0.2862
2579,0.4603
2580,0.0399
2581,0.2901
2582,0.0465
2583,0.4009
2584,0.2429
2585,0.0877
2586,0.3628
2587,0.1012
2588,0.416
2589,0.2158
2590,0.1321
2591,0.2238
2592,0.1457
2593,0.0337
2594,0.4567
2595,0.4127
2596,0.1658
2597,0.2456
2598,0.2248
2599,0.4984
2600,0.0137
2601,0.4581
2602,0.3462
2603,0.1121
2604,0.2009
2605,0.381
2606,0.4176
2607,0.4521
2608,0.2984
2609,0.1204
2610,0.4551
2611,0.1709
2612,0.1192
2613,0.0603
2614,0.4861
2615,0.3031
2616,0.1371
2617,0.0529
2618,0.0912
2619,0.011
2620,0.3534
2621,0.157
2622,0.2451
2623,0.0606
2624,0.1689
2625,0.4611
2626,0.0561
2627,0.2125
2628,0.3026
2629,0.0439
2630,0.0757
2631,0.3057
2632,0.3584
2633,0.3272
2634,0.3373
2635,0.1213
2636,0.0668
2637,0.0858
2638,0.4683
2639,0.4302
2640,0.2661
2641,0.2746
2642,0.2492
2643,0.4508
2644,0.3485
2645,0.236
2646,0.1294
2647,0.0621
2648,0.4282
2649,0.3543
2650,0.0875
2651,0.1556
2652,0.2805
2653,0.0541
2654,0.3572
2655,0.3059
2656,0.2385
2657,0.0343
2658,0.4323
2659,0.4015
2660,0.1355
2661,0.0473
2662,0.284
2663,0.2695
2664,0.2203
2665,0.1228
2666,0.3816
2667,0.3648
2668,0.2667
2669,0.4549
2670,0.22
2671,0.4009
2672,0.102
2673,0.4154
2674,0.1518
2675,0.3248
2676,0.2717
2677,0.3999
2678,0.2025
2679,0.4996
2680,0.0468
2681,0.2067
2682,0.1228
2683,0.4308
2684,0.2798
2685,0.2555
2686,0.0177
2687,0.1536
2688,0.4439
2689,0.3167
2690,0.1873
2691,0.2492
2692,0.3328
2693,0.0294
2694,0.3166
2695,0.2858
2696,0.0086
2697,0.0776
2698,0.235
2699,0.2582
2700,0.3596
2701,0.195
2702,0.3786
2703,0.1044
2704,0.1423
2705,0.0611
2706,0.1177
2707,0.3693
2708,0.1835
2709,0.1937
2710,0.2699
2711,0.3153
2712,0.0114
2713,0.3016
2714,0.3793
2715,0.4108
2716,0.1119
2717,0.4931
2718,0.3813
2719,0.1339
2720,0.0869
2721,0.4242
2722,0.0125
2723,0.1498
2724,0.1036
2725,0.2354
2726,0.0711
2727,0.0262
2728,0.4559
2729,0.1323
2730,0.4565
2731,0.1064
2732,0.2391
2733,0.4624
2734,0.0302
2735,0.392
2736,0.4112
2737,0.4854
2738,0.2913
2739,0.1869
2740,0.3739
2741,0.2408
2742,0.1266
2743,0.1319
2744,0.4264
2745,0.4089
2746,0.3704
2747,0.1763
2748,0.4419
2749,0.3889
2750,0.3765
2751,0.3747
2752,0.4046
2753,0.0644
2754,0.0251
2755,0.2457
2756,0.1927
2757,0.413
2758,0.1592
2759,0.352
2760,0.073
2761,0.0735
2762,0.0593
2763,0.3683
2764,0.252
2765,0.0566
2766,0.4563
2767,0.4122
2768,0.2057
2769,0.4143
2770,0.1143
2771,0.4739
2772,0.2445
2773,0.203
2774,0.2587
2775,0.4594
2776,0.2902
2777,0.1091
2778,0.1222
2779,0.4957
2780,0.1439
2781,0.2634
2782,0.1532
2783,0.2798
2784,0.3613
2785,0.0069
2786,0.0865
2787,0.315
2788,0.1928
2789,0.3771
2790,0.0589
2791,0.4148
2792,0.3237
2793,0.0035
2794,0.4114
2795,0.346
2796,0.2994
2797,0.1961
2798,0.0973
2799,0.3353
2800,0.1246
2801,0.2835
2802,0.4926
2803,0.458
2804,0.0241
2805,0.4397
2806,0.0254
2807,0.2358
2808,9e-04
2809,0.3566
2810,0.3841
2811,0.4763
2812,0.3897
2813,0.3104
2814,0.0804
2815,0.1789
2816,0.3354
2817,0.074
2818,0.126
2819,0.0411
2820,0.1179
2821,0.0952
2822,0.3899
2823,0.1259
2824,0.1494
2825,0.0121
2826,0.197
2827,0.0316
2828,0.3932
2829,0.0455
2830,0.2183
2831,0.3556
2832,0.1801
2833,0.3276
2834,0.4129
2835,0.1344
2836,0.0498
2837,0.0128
2838,0.4195
2839,0.1063
2840,0.4917
2841,0.3478
2842,0.1171
2843,0.1615
2844,0.4534
2845,0.3733
2846,0.1472
2847,0.3673
2848,0.4757
2849,0.1251
2850,0.2245
2851,0.3928
2852,0.2348
2853,0.2573
2854,0.4193
2855,0.2543
2856,0.3752
2857,0.3751
2858,0.095
2859,0.3049
2860,0.2519
2861,0.2802
2862,0.4189
2863,0.3446
2864,0.2587
2865,0.1716
2866,0.3152
2867,0.0807
2868,0.3591
2869,0.2168
2870,0.4745
2871,0.4727
2872,0.3105
2873,0.3134
2874,0.0587
2875,0.3774
2876,0.2838
2877,0.1838
2878,0.2164
2879,0.4418
2880,0.2814
2881,0.1575
2882,0.1364
2883,0.0642
2884,0.4519
2885,0.4507
2886,0.0203
2887,0.3964
2888,0.3571
2889,0.1711
2890,0.3851
2891,0.2177
2892,0.3366
2893,0.2295
2894,0.4128
2895,0.0322
2896,0.2597
2897,0.219
2898,0.1976
2899,0.2281
2900,0.3142
2901,0.0539
2902,0.4113
2903,0.2258
2904,0.4646
2905,0.4865
2906,0.0213
2907,0.0525
2908,0.2846
2909,0.2949
2910,0.184
2911,0.1842
2912,0.4281
2913,0.3376
2914,0.1687
2915,0.0241
2916,0.2378
2917,0.4676
2918,0.3039
2919,0.264
2920,0.2533
2921,0.1154
2922,0.3717
2923,0.0397
2924,0.2042
2925,0.2715
2926,0.4443
2927,0.1976
2928,0.3096
2929,0.3616
2930,0.494
2931,0.0337
2932,0.3494
2933,0.152
2934,0.4445
2935,0.3744
2936,0.2289
2937,0.3907
2938,0.0403
2939,0.4741
2940,0.1423
2941,0.1444
2942,0.1714
2943,0.0693
2944,0.0043
2945,0.24
2946,0.3456
2947,0.2315
2948,0.1218
2949,0.3143
2950,0.3151
2951,0.0974
2952,0.2001
2953,0.0866
2954,0.489
2955,0.1833
2956,0.0186
2957,0.4554
2958,0.193
2959,0.3194
2960,0.3805
2961,0.0997
2962,0.0564
2963,0.3931
2964,0.018
2965,0.3668
2966,0.4435
2967,0.1476
2968,0.206
2969,0.2097
2970,0.2419
2971,0.428
2972,0.1488
2973,0.3068
2974,0.3905
2975,0.4055
2976,0.1984
2977,0.3986
2978,0.3465
2979,0.0423
2980,0.1995
2981,0.3684
2982,0.1798
2983,0.4155
2984,0.3431
2985,0.3841
2986,0.3148
2987,0.2097
2988,0.416
2989,0.0777
2990,0.0018
2991,0.1865
2992,0.2433
2993,0.3907
2994,0.003
2995,0.0624
2996,0.4574
2997,0.2986
2998,0.3048
2999,0.416
3000,0.1578
3001,0.141
3002,0.4256
3003,0.2993
3004,0.0121
3005,0.1399
3006,0.0341
3007,0.0994
3008,0.1112
3009,0.1197
3010,0.0535
3011,0.22
3012,0.4461
3013,0.2024
3014,0.3171
3015,0.0252
3016,0.3294
3017,0.2591
3018,0.1431
3019,0.3754
3020,0.0723
3021,0.2803
3022,0.4221
3023,0.3469
3024,0.2286
3025,0.2587
3026,0.4135
3027,0.4854
3028,0.4056
3029,0.3808
3030,0.137
3031,0.4833
3032,0.4911
3033,0.3169
3034,0.3786
3035,0.297
3036,0.269
3037,0.3687
3038,0.2228
3039,0.0703
3040,0.3884
3041,0.3996
3042,0.204
3043,0.4272
3044,0.303
3045,0.0229
3046,0.4929
3047,0.047
3048,0.3695
3049,0.3222
3050,0.0032
3051,0.4021
3052,0.4114
3053,0.0563
3054,0.4977
3055,0.256
3056,0.2721
3057,0.4879
3058,0.2968
3059,0.1199
3060,0.2304
3061,0.1953
3062,0.3282
3063,0.4132
3064,0.0821
3065,0.4959
3066,0.3604
3067,0.0793
3068,0.1306
3069,0.2435
3070,0.0147
3071,0.2934
3072,0.1075
3073,0.0885
3074,0.3204
3075,0.4983
3076,0.2794
3077,0.4667
3078,0.052
3079,0.0567
3080,0.397
3081,0.4131
3082,0.3679
3083,0.3552
3084,0.0044
3085,0.0644
3086,0.0026
3087,0.1435
3088,0.3786
3089,0.0334
3090,0.1302
3091,0.243
3092,0.0552
3093,0.3185
3094,0.0091
3095,0.1752
3096,0.2577
3097,0.2903
3098,0.2241
3099,0.0797
3100,0.4721
3101,0.1539
3102,0.289
3103,0.2229
3104,0.4277
3105,0.3991
3106,0.3123
3107,0.1023
3108,0.4728
3109,0.4399
3110,0.2754
3111,0.4242
3112,0.4766
3113,0.2133
3114,0.296
3115,0.1681
3116,0.0702
3117,0.2849
3118,0.3626
3119,0.4993
3120,0.1211
3121,0.3367
3122,0.2297
3123,0.1671
3124,0.1927
3125,0.4078
3126,0.0031
3127,0.0934
3128,0.286
3129,0.3579
3130,0.0923
3131,0.0172
3132,0.4558
3133,0.4812
3134,0.2947
3135,0.2142
3136,0.3624
3137,0.3725
3138,0.1537
3139,0.0196
3140,0.4039
3141,0.1017
3142,0.3418
3143,0.2844
3144,0.2506
3145,0.2772
3146,0.3525
3147,0.2468
3148,0.3093
3149,0.4981
3150,0.3143
3151,0.1244
3152,0.3815
3153,0.3299
3154,0.0773
3155,0.465
3156,0.4812
3157,0.175
3158,0.0117
3159,0.3354
3160,0.3135
3161,0.3068
3162,0.3726
3163,0.0657
3164,0.4249
3165,0.3632
3166,0.2815
3167,0.0701
3168,0.1979
3169,0.044
3170,0.3853
3171,0.3239
3172,0.4382
3173,0.4707
3174,0.4859
3175,0.4689
3176,0.1818
3177,0.3116
3178,0.3931
3179,0.1096
3180,0.3017
3181,0.159
3182,0.2706
3183,0.1544
3184,0.4918
3185,0.4478
3186,0.407
3187,0.2636
3188,0.0129
3189,0.023
3190,0.0016
3191,0.3692
3192,0.3776
3193,0.0965
3194,0.4524
3195,0.1103
3196,0.0361
3197,0.4639
3198,0.4872
3199,0.2821
3200,0.2729
3201,0.2076
3202,0.4025
3203,0.077
3204,0.0822
3205,0.4117
3206,0.3645
3207,0.2487
3208,0.0392
3209,0.4394
3210,0.0828
3211,0.393
3212,0.0012
3213,0.287
3214,0.2615
3215,0.3768
3216,0.1372
3217,0.0559
3218,0.1196
3219,0.3323
3220,0.0733
3221,0.334
3222,0.3969
3223,0.1474
3224,0.3396
3225,0.0812
3226,0.39
3227,0.128
3228,0.294
3229,0.3567
3230,0.4388
3231,0.1929
3232,0.1244
3233,0.316
3234,0.3676
3235,0.0407
3236,0.2013
3237,0.1963
3238,0.2346
3239,0.1192
3240,0.4977
3241,0.3152
3242,0.2764
3243,0.4937
3244,0.4601
3245,0.2146
3246,0.3667
3247,0.1294
3248,0.3192
3249,0.0958
3250,0.4761
3251,0.3561
3252,0.499
3253,0.1594
3254,0.4158
3255,0.3104
3256,0.3059
3257,0.048
3258,0.0257
3259,0.4618
3260,0.1844
3261,0.2043
3262,0.3252
3263,0.3994
3264,0.0417
3265,0.2923
3266,0.3232
3267,0.1805
3268,0.3582
3269,0.1542
3270,0.3585
3271,0.1535
3272,0.3739
3273,0.0105
3274,0.3667
3275,0.2385
3276,0.4498
3277,0.4842
3278,0.4272
3279,0.4596
3280,0.2873
3281,0.3753
3282,0.2306
3283,0.4127
3284,0.2095
3285,0.4993
3286,0.2155
3287,0.1483
3288,0.3804
3289,0.0271
3290,0.0767
3291,0.0018
3292,0.1757
3293,0.451
3294,0.0935
3295,0.2966
3296,0.1744
3297,0.0418
3298,0.3568
3299,0.4734
3300,0.489
3301,0.1179
3302,0.28
3303,0.254
3304,0.2182
3305,0.3477
3306,0.1832
3307,0.296
3308,0.3278
3309,0.2352
3310,0.3411
3311,0.04
3312,0.3524
3313,0.2468
3314,0.3149
3315,0.2981
3316,0.4768
3317,0.1653
3318,0.301
3319,0.2239
3320,0.254
3321,0.4298
3322,0.1382
3323,0.3568
3324,0.0599
3325,0.1543
3326,0.2172
3327,0.1993
3328,0.2406
3329,0.4766
3330,0.1042
3331,0.0431
3332,0.4548
3333,0.0388
3334,0.2613
3335,0.1014
3336,0.0693
3337,0.1911
3338,0.2194
3339,0.4613
3340,0.3089
3341,0.093
3342,0.0086
3343,0.4651
3344,0.1483
3345,0.0448
3346,0.4627
3347,0.2599
3348,0.0025
3349,0.0177
3350,0.0087
3351,0.4637
3352,0.0605
3353,0.247
3354,0.2413
3355,0.4578
3356,0.3316
3357,0.0702
3358,0.1266
3359,0.0571
3360,0.0055
3361,0.4834
3362,0.0368
3363,0.0783
3364,0.4259
3365,0.072
3366,0.2755
3367,0.0084
3368,0.1336
3369,0.1117
3370,0.4105
3371,0.1088
3372,0.1271
3373,0.3945
3374,0.4956
3375,0.3104
3376,0.304
3377,0.2644
3378,0.4193
3379,0.1504
3380,0.4582
3381,0.3396
3382,0.2876
3383,0.2245
3384,0.3099
3385,0.195
3386,0.4657
3387,0.483
3388,0.0093
3389,0.4712
3390,0.3654
3391,0.0849
3392,0.3355
3393,0.4565
3394,0.185
3395,0.0098
3396,0.4218
3397,0.4691
3398,0.0427
3399,0.2677
3400,0.2589
3401,0.0654
3402,0.3247
3403,0.1726
3404,0.4882
3405,0.1982
3406,0.2419
3407,0.2814
3408,0.2137
3409,0.2118
3410,0.3752
3411,0.1108
3412,0.0878
3413,0.2566
3414,0.062
3415,0.0516
3416,0.0626
3417,0.4868
3418,0.4801
3419,0.3481
3420,0.1592
3421,0.3363
3422,0.0952
3423,0.1192
3424,0.2796
3425,0.3039
3426,0.1071
3427,0.2729
3428,0.4767
3429,0.2136
3430,0.2956
3431,0.3353
3432,0.2781
3433,0.4473
3434,0.422
3435,0.3504
3436,0.4193
3437,0.3655
3438,0.2833
3439,0.23
3440,0.4862
3441,0.0594
3442,0.2834
3443,0.2677
3444,0.4344
3445,0.2351
3446,0.3553
3447,0.1883
3448,0.0074
3449,0.0848
3450,0.2479
3451,0.2584
3452,0.0304
3453,0.1293
3454,0.18
3455,0.3214
3456,0.4714
3457,0.0057
3458,0.0691
3459,0.2627
3460,0.4339
3461,0.0204
3462,0.1877
3463,0.1598
3464,0.1421
3465,0.132
3466,0.3102
3467,0.4509
3468,0.4157
3469,0.3475
3470,0.132
3471,0.4581
3472,0.4909
3473,0.1059
3474,0.4984
3475,0.1349
3476,0.4362
3477,0.0325
3478,0.3574
3479,0.3917
3480,0.4014
3481,0.0778
3482,0.0727
3483,0.2549
3484,0.4928
3485,0.2247
3486,0.4787
3487,0.2934
3488,0.0555
3489,0.1156
3490,0.1928
3491,0.1301
3492,0.2824
3493,0.0851
3494,0.1121
3495,0.2265
3496,0.158
3497,0.3966
3498,0.0596
3499,0.4936
3500,0.0133
3501,0.274
3502,0.3024
3503,0.3604
3504,0.2057
3505,0.0633
3506,0.032
3507,0.4116
3508,0.3493
3509,0.4807
3510,0.434
3511,0.3601
3512,0.049
3513,0.3234
3514,0.1665
3515,0.0884
3516,0.1181
3517,0.2409
3518,0.2702
3519,0.317
3520,0.176
3521,0.3883
3522,0.0831
3523,0.166
3524,0.0667
3525,0.3994
3526,0.196
3527,0.2339
3528,0.2832
3529,0.398
3530,0.2675
3531,0.122
3532,0.3565
3533,0.3814
3534,0.3482
3535,0.2916
3536,0.3918
3537,0.3424
3538,0.2505
3539,0.3345
3540,0.4366
3541,0.111
3542,0.4956
3543,0.2523
3544,0.1318
3545,0.358
3546,0.3501
3547,0.2509
3548,0.459
3549,0.405
3550,0.4639
3551,0.1758
3552,0.0888
3553,0.3799
3554,0.2693
3555,0.4976
3556,0.3992
3557,0.2387
3558,0.044
3559,0.1556
3560,0.1819
3561,0.2851
3562,0.1104
3563,0.1448
3564,0.398
3565,0.4913
3566,0.3927
3567,0.3202
3568,0.105
3569,0.1105
3570,0.3989
3571,0.2956
3572,0.4206
3573,0.479
3574,0.4006
3575,0.4513
3576,0.0353
3577,0.2397
3578,0.2873
3579,0.2531
3580,0.0618
3581,0.0184
3582,0.3203
3583,0.2318
3584,0.3447
3585,0.2574
3586,0.3372
3587,0.2955
3588,0.2135
3589,0.1527
3590,0.4264
3591,0.0421
3592,0.1882
3593,0.3454
3594,0.1995
3595,0.27
3596,0.1928
3597,0.1995
3598,0.3146
3599,0.0284
3600,0.418
3601,0.3684
3602,0.3185
3603,0.467
3604,0.3283
3605,0.2882
3606,0.1765
3607,0.3302
3608,0.451
3609,0.0628
3610,0.0046
3611,0.3759
3612,0.1731
3613,0.207
3614,0.0694
3615,0.1292
3616,0.4296
3617,0.3951
3618,0.1111
3619,0.2336
3620,0.2123
3621,0.4572
3622,0.3954
3623,0.4446
3624,0.0901
3625,0.3385
3626,0.4741
3627,0.2202
3628,0.431
3629,0.3441
3630,0.0174
3631,0.4243
3632,0.4935
3633,0.0528
3634,0.4582
3635,0.2983
3636,0.4465
3637,0.2634
3638,0.4737
3639,0.3893
3640,0.2918
3641,0.2631
3642,0.2777
3643,0.3458
3644,0.1626
3645,0.3159
3646,0.0374
3647,0.0995
3648,0.2293
3649,0.2519
3650,0.3397
3651,0.0115
3652,0.4601
3653,0.2539
3654,0.4794
3655,0.3502
3656,0.494
3657,0.3663
3658,0.0685
3659,0.0463
3660,0.1152
3661,0.3161
3662,0.498
3663,0.4879
3664,0.3314
3665,0.1555
3666,0.2975
3667,0.2709
3668,0.0906
3669,0.1264
3670,0.4361
3671,0.3363
3672,0.1926
3673,0.1051
3674,0.24
3675,0.2805
3676,0.1487
3677,0.1522
3678,9e-04
3679,0.24
3680,0.0773
3681,0.0844
3682,0.0576
3683,0.318
3684,0.1575
3685,0.4831
3686,0.1342
3687,0.4264
3688,0.0561
3689,0.4259
3690,0.1549
3691,0.3373
3692,0.1269
3693,0.3162
3694,0.1728
3695,0.3306
3696,0.184
3697,0.4006
3698,0.1205
3699,0.33
3700,0.3639
3701,0.0897
3702,0.2885
3703,0.4271
3704,0.2447
3705,0.4541
3706,0.0842
3707,0.1348
3708,0.3997
3709,0.0504
3710,0.0161
3711,0.4349
3712,0.2484
3713,0.0653
3714,0.0216
3715,0.429
3716,0.3886
3717,0.1928
3718,0.4389
3719,0.1255
3720,0.4907
3721,0.3784
3722,0.4296
3723,0.1434
3724,0.4595
3725,0.3982
3726,0.0189
3727,0.1802
3728,0.2375
3729,0.1522
3730,0.0844
3731,0.1124
3732,0.3061
3733,0.2492
3734,0.092
3735,7e-04
3736,0.0179
3737,0.0215
3738,0.1059
3739,0.1389
3740,0.0247
3741,0.058
3742,0.3339
3743,0.0783
3744,0.3103
3745,0.1286
3746,0.3088
3747,0.4556
3748,0.0204
3749,0.3996
3750,0.2487
3751,0.0816
3752,0.0804
3753,0.2793
3754,0.4226
3755,0.0257
3756,0.377
3757,0.2188
3758,0.2146
3759,0.2473
3760,0.3491
3761,0.1026
3762,0.4465
3763,0.068
3764,0.1165
3765,0.2446
3766,0.1005
3767,0.1284
3768,0.3124
3769,0.0611
3770,0.4342
3771,0.467
3772,0.2313
3773,0.476
3774,0.1714
3775,0.2209
3776,0.0939
3777,0.1546
3778,0.3762
3779,0.4982
3780,0.373
3781,0.2342
3782,0.1073
3783,0.3263
3784,0.1302
3785,0.0842
3786,0.1474
3787,0.2823
3788,0.4928
3789,0.0358
3790,0.2626
3791,0.0971
3792,0.0838
3793,0.2503
3794,0.4236
3795,0.3135
3796,0.0765
3797,0.0972
3798,0.051
3799,0.0758
3800,0.156
3801,0.4721
3802,0.1513
3803,0.3928
3804,0.0666
3805,0.3387
3806,0.4333
3807,0.4997
3808,0.4673
3809,0.2278
3810,0.2942
3811,0.3518
3812,0.3762
3813,0.1517
3814,0.2762
3815,0.0109
3816,0.0786
3817,0.3116
3818,0.1169
3819,0.0877
3820,0.0953
3821,0.2404
3822,4e-04
3823,0.369
3824,0.1232
3825,0.0049
3826,0.1543
3827,0.1082
3828,0.4132
3829,0.3708
3830,0.4889
3831,0.0776
3832,0.2641
3833,0.0738
3834,0.4061
3835,0.1983
3836,0.0921
3837,0.1454
3838,0.2019
3839,0.297
3840,0.2791
3841,0.4993
3842,0.1562
3843,0.1326
3844,0.2164
3845,0.4605
3846,0.0254
3847,0.4012
3848,0.1628
3849,0.3454
3850,0.0389
3851,0.4018
3852,0.1485
3853,0.058
3854,0.4771
3855,0.3406
3856,0.3314
3857,0.441
3858,0.452
3859,0.0846
3860,0.1514
3861,0.1473
3862,0.2511
3863,0.4787
3864,0.2453
3865,0.471
3866,0.4365
3867,0.1745
3868,0.2658
3869,0.4728
3870,0.1523
3871,0.3061
3872,0.0896
3873,0.2797
3874,0.1142
3875,0.4528
3876,0.0361
3877,0.1996
3878,0.2544
3879,0.099
3880,0.0386
3881,0.3549
3882,0.0636
3883,0.4624
3884,0.0925
3885,0.2897
3886,0.4968
3887,0.4047
3888,0.0851
3889,0.1902
3890,0.1211
3891,0.0341
3892,0.08
3893,0.1256
3894,0.2264
3895,0.3875
3896,0.4388
3897,0.0919
3898,0.4711
3899,0.0653
3900,0.4354
3901,0.1073
3902,0.251
3903,0.0422
3904,0.265
3905,0.2038
3906,0.0358
3907,0.3326
3908,0.4448
3909,0.2308
3910,0.1613
3911,0.451
3912,0.0588
3913,0.255
3914,0.0712
3915,0.3866
3916,0.346
3917,0.2591
3918,0.1089
3919,0.1959
3920,0.4522
3921,0.1826
3922,0.4537
3923,0.4375
3924,0.4951
3925,0.2013
3926,0.409
3927,0.4097
3928,0.0626
3929,0.4408
3930,0.0253
3931,0.0583
3932,0.1216
3933,0.4639
3934,0.4347
3935,0.1904
3936,0.2496
3937,0.2087
3938,0.1575
3939,0.1296
3940,0.1813
3941,0.0033
3942,0.4903
3943,0.4249
3944,0.0382
3945,0.1424
3946,0.1605
3947,0.4765
3948,0.0346
3949,0.3427
3950,0.2301
3951,0.0369
3952,0.0578
3953,0.2498
3954,0.0887
3955,0.3223
3956,0.3017
3957,0.0314
3958,0.2669
3959,0.028
3960,0.0727
3961,0.208
3962,0.228
3963,0.4906
3964,0.4691
3965,0.4766
3966,0.4247
3967,0.1131
3968,0.3377
3969,0.306
3970,0.1197
3971,0.4507
3972,0.3101
3973,0.2402
3974,0.0484
3975,0.2684
3976,0.0375
3977,0.0516
3978,0.3648
3979,0.2805
3980,0.3931
3981,0.4008
3982,0.0156
3983,0.0987
3984,0.3122
3985,0.151
3986,0.1996
3987,0.4084
3988,0.4769
3989,0.1006
3990,0.1882
3991,0.1128
3992,0.0836
3993,0.193
3994,0.4134
3995,0.423
3996,0.4342
3997,0.2076
3998,0.1558
3999,0.4093
4000,0.0447
4001,0.234
4002,0.1186
4003,0.4304
4004,0.2805
4005,0.1078
4006,0.2924
4007,0.46
4008,0.384
4009,0.0537
4010,0.1255
4011,0.1323
4012,0.1105
4013,0.3672
4014,0.0135
4015,0.2555
4016,0.2092
4017,0.476
4018,0.3865
4019,0.1542
4020,0.2059
4021,0.4917
4022,0.0162
4023,0.3593
4024,0.2924
4025,0.2533
4026,0.4925
4027,0.3361
4028,0.0358
4029,0.002
4030,0.2357
4031,0.1527
4032,0.2295
4033,0.218
4034,0.2153
4035,0.4967
4036,0.2941
4037,0.3431
4038,0.3618
4039,0.3005
4040,0.3609
4041,0.4291
4042,0.4965
4043,0.2664
4044,0.2086
4045,0.3741
4046,0.4274
4047,0.1847
4048,0.3276
4049,0.4269
4050,0.2532
4051,0.3816
4052,0.1973
4053,0.0326
4054,0.0207
4055,0.3871
4056,0.3786
4057,0.163
4058,0.3944
4059,0.4221
4060,0.0021
4061,0.1999
4062,0.2183
4063,0.2354
4064,0.1599
4065,0.0388
4066,0.4384
4067,0.3476
4068,0.4858
4069,0.3008
4070,0.003
4071,0.4981
4072,0.1053
4073,0.1633
4074,0.467
4075,0.0495
4076,0.0688
4077,0.3152
4078,0.2399
4079,0.0945
4080,0.4478
4081,0.0154
4082,0.3852
4083,0.3511
4084,0.3268
4085,0.0616
4086,0.2295
4087,0.0018
4088,0.2699
4089,0.1663
4090,0.0086
4091,0.2702
4092,0.4827
4093,0.1135
4094,0.2321
4095,0.197
4096,0.0171
4097,0.4112
4098,0.1567
4099,0.1393
4100,0.1201
4101,0.4448
4102,0.0103
4103,0.4152
4104,0.3238
4105,0.2099
4106,0.0921
4107,0.4372
4108,0.3802
4109,0.4843
4110,0.1335
4111,0.1609
4112,0.1312
4113,0.1036
4114,0.1128
4115,0.2446
4116,0.2459
4117,0.3419
4118,0.3178
4119,0.127
4120,0.4882
4121,0.0458
4122,0.3906
4123,0.276
4124,0.2967
4125,0.2956
4126,0.3263
4127,0.1446
4128,0.2056
4129,0.3739
4130,0.0215
4131,0.4899
4132,0.2573
4133,0.3403
4134,0.3629
4135,0.4929
4136,0.4403
4137,0.201
4138,0.2179
4139,0.0534
4140,0.3419
4141,0.4648
4142,0.0922
4143,0.4621
4144,0.3519
4145,0.3067
4146,0.3172
4147,0.2704
4148,0.1806
4149,0.1528
4150,0.3064
4151,0.4382
4152,0.2573
4153,0.154
4154,0.1447
4155,0.0679
4156,0.398
4157,0.1864
4158,0.0693
4159,0.0271
4160,0.0613
4161,0.2818
4162,0.0812
4163,0.2713
4164,0.1864
4165,0.4436
4166,0.1252
4167,0.1863
4168,0.4123
4169,0.2976
4170,0.205
4171,0.1411
4172,0.3192
4173,0.092
4174,0.3622
4175,0.0727
4176,0.4218
4177,0.4278
4178,0.1765
4179,0.4479
4180,0.2082
4181,0.3686
4182,0.3516
4183,0.2467
4184,0.4
4185,0.3584
4186,0.4503
4187,0.373
4188,0.1206
4189,0.1084
4190,0.3589
4191,0.2086
4192,0.2574
4193,0.2345
4194,0.4813
4195,0.4809
4196,0.132
4197,0.1955
4198,0.4257
4199,0.3728
4200,0.4851
4201,0.2407
4202,0.0405
4203,0.0521
4204,0.3726
4205,0.3868
4206,0.1691
4207,0.3198
4208,0.1486
4209,0.2558
4210,0.1794
4211,0.2024
4212,0.1888
4213,0.4009
4214,0.0368
4215,0.4282
4216,0.2878
4217,0.4362
4218,0.2791
4219,0.0912
4220,0.2243
4221,0.3378
4222,0.1419
4223,0.4377
4224,0.1315
4225,0.0244
4226,0.0646
4227,0.0859
4228,0.465
4229,0.2221
4230,0.0572
4231,0.0754
4232,0.1205
4233,0.1596
4234,0.0946
4235,0.0523
4236,0.4269
4237,0.4652
4238,0.0574
4239,0.4608
4240,0.1134
4241,0.4008
4242,0.085
4243,0.0613
4244,0.0251
4245,0.4678
4246,0.2979
4247,0.1939
4248,0.014
4249,0.1998
4250,0.0539
4251,0.4332
4252,0.0868
4253,0.2058
4254,0.3298
4255,0.3115
4256,0.4087
4257,0.3925
4258,0.2608
4259,0.0443
4260,0.0858
4261,0.1467
4262,0.0844
4263,0.231
4264,0.3742
4265,0.3019
4266,0.4485
4267,0.2471
4268,0.4005
4269,0.408
4270,0.0575
4271,0.1573
4272,0.2899
4273,0.3782
4274,0.2322
4275,0.3792
4276,0.2554
4277,0.2754
4278,0.4576
4279,0.4639
4280,0.3273
4281,0.048
4282,0.4205
4283,0.2018
4284,0.0914
4285,0.2973
4286,0.3512
4287,0.3839
4288,0.297
4289,0.324
4290,0.4981
4291,0.1194
4292,0.3624
4293,0.196
4294,0.4599
4295,0.0505
4296,0.1289
4297,0.3012
4298,0.0961
4299,0.3541
4300,0.2875
4301,0.109
4302,0.1178
4303,0.4454
4304,0.066
4305,0.1654
4306,0.106
4307,0.2882
4308,0.0204
4309,0.4041
4310,0.3077
4311,0.3394
4312,0.1531
4313,0.4028
4314,0.3159
4315,0.3015
4316,0.0644
4317,0.4792
4318,0.4377
4319,0.0141
4320,0.0561
4321,0.242
4322,0.3944
4323,0.0741
4324,0.3184
4325,0.4817
4326,0.1154
4327,0.0214
4328,0.152
4329,0.0015
4330,0.0745
4331,0.1447
4332,0.3008
4333,0.2135
4334,0.0118
4335,0.3562
4336,0.2365
4337,0.0286
4338,0.1671
4339,0.0345
4340,0.4029
4341,0.3802
4342,0.2061
4343,0.2541
4344,0.2772
4345,0.249
4346,0.275
4347,0.3259
4348,0.4633
4349,0.1604
4350,0.0871
4351,0.1977
4352,0.0432
4353,0.0322
4354,0.1929
4355,0.1086
4356,0.2648
4357,0.3529
4358,0.1772
4359,0.4179
4360,0.3662
4361,0.4629
4362,0.0788
4363,0.3059
4364,0.0387
4365,0.0934
4366,0.2307
4367,0.182
4368,0.1491
4369,0.1606
4370,0.3284
4371,0.1316
4372,0.439
4373,0.4565
4374,0.402
4375,0.3187
4376,0.1782
4377,0.1602
4378,0.1337
4379,0.4354
4380,0.1616
4381,0.3421
4382,0.1235
4383,0.1728
4384,0.1597
4385,0.3243
4386,0.1817
4387,0.4257
4388,0.0171
4389,0.0335
4390,0.2209
4391,0.137
4392,0.2485
4393,0.3373
4394,0.3465
4395,0.4956
4396,0.2239
4397,0.3595
4398,0.2704
4399,0.1043
4400,0.027
4401,0.4471
4402,0.4846
4403,0.2823
4404,0.497
4405,0.2826
4406,0.2255
4407,0.4874
4408,0.2301
4409,0.1581
4410,0.0822
4411,0.4741
4412,0.2064
4413,0.2046
4414,0.3861
4415,0.4635
4416,0.3804
4417,0.4313
4418,0.2769
4419,0.1947
4420,0.3332
4421,0.1479
4422,0.4753
4423,0.0063
4424,0.4854
4425,0.1363
4426,0.1763
4427,0.033
4428,0.3033
4429,0.0368
4430,0.4841
4431,0.0037
4432,0.0465
4433,0.3613
4434,0.3193
4435,0.3579
4436,0.4054
4437,0.4352
4438,0.0807
4439,0.2086
4440,0.0209
4441,0.2958
4442,0.339
4443,0.1422
4444,0.4879
4445,0.4179
4446,0.3382
4447,0.1225
4448,0.076
4449,0.4817
4450,0.4752
4451,0.323
4452,0.2225
4453,0.3838
4454,0.4015
4455,0.1231
4456,0.4656
4457,0.2545
4458,0.1561
4459,0.1575
4460,0.4169
4461,0.01
4462,0.011
4463,0.1222
4464,0.0282
4465,0.1076
4466,0.1157
4467,0.3281
4468,0.2864
4469,0.118
4470,0.0654
4471,0.4216
4472,0.3695
4473,0.3996
4474,0.4479
4475,0.3509
4476,0.4667
4477,0.0967
4478,0.2581
4479,0.0243
4480,0.1912
4481,0.189
4482,0.0351
4483,0.1127
4484,0.3141
4485,0.3166
4486,0.1202
4487,0.3542
4488,0.0079
4489,0.2243
4490,0.2511
4491,0.0512
4492,0.3016
4493,0.4909
4494,0.0188
4495,0.3402
4496,0.2883
4497,0.192
4498,0.2491
4499,0.2834
4500,0.2726
4501,0.0451
4502,0.0511
4503,0.4537
4504,0.3847
4505,0.004
4506,0.4785
4507,0.2147
4508,0.007
4509,0.4268
4510,0.1471
4511,0.2474
4512,0.428
4513,0.2211
4514,0.0813
4515,0.2605
4516,0.4565
4517,0.4005
4518,0.1184
4519,0.2687
4520,0.3457
4521,0.3432
4522,0.1572
4523,0.422
4524,0.4625
4525,0.442
4526,0.4398
4527,0.4477
4528,0.02
4529,0.4378
4530,0.2399
4531,0.3738
4532,0.1896
4533,0.1504
4534,0.3468
4535,0.1146
4536,0.4385
4537,0.1521
4538,0.1754
4539,0.3415
4540,0.0332
4541,0.2608
4542,0.4735
4543,0.3327
4544,0.3965
4545,0.103
4546,0.037
4547,0.0402
4548,0.2816
4549,0.0634
4550,0.4674
4551,0.0553
4552,0.399
4553,0.3095
4554,0.2611
4555,0.0776
4556,0.3252
4557,0.4763
4558,0.2064
4559,0.1088
4560,0.1811
4561,0.4763
4562,0.272
4563,0.2821
4564,0.1428
4565,0.2477
4566,0.1666
4567,0.028
4568,0.3895
4569,0.0897
4570,0.1805
4571,0.2461
4572,0.1675
4573,0.1636
4574,0.3542
4575,0.0195
4576,0.1027
4577,0.4502
4578,0.0138
4579,0.3495
4580,0.4765
4581,0.2751
4582,0.1849
4583,0.3027
4584,0.0987
4585,0.1933
4586,0.0838
4587,0.07
4588,0.0132
4589,0.0543
4590,0.1941
4591,0.3215
4592,0.3056
4593,0.3514
4594,0.3826
4595,0.4386
4596,0.2242
4597,0.1815
4598,0.2298
4599,0.3487
4600,0.2379
4601,0.0854
4602,0.2498
4603,0.3212
4604,0.2229
4605,0.4898
4606,0.1837
4607,0.3719
4608,0.1452
4609,0.0015
4610,0.4158
4611,0.4933
4612,0.0739
4613,0.1136
4614,0.0681
4615,0.1337
4616,0.0897
4617,0.4185
4618,0.4929
4619,0.3433
4620,0.3495
4621,0.4918
4622,0.3888
4623,0.454
4624,0.1823
4625,0.2265
4626,0.0608
4627,0.261
4628,0.3558
4629,0.0197
4630,0.0193
4631,0.1712
4632,0.4659
4633,0.0731
4634,0.2559
4635,7e-04
4636,0.4483
4637,0.2666
4638,0.0306
4639,0.1211
4640,0.0246
4641,0.2015
4642,0.3928
4643,0.3032
4644,0.3362
4645,0.2771
4646,0.0173
4647,0.1445
4648,0.3439
4649,0.2132
4650,0.0411
4651,0.2978
4652,0.1257
4653,0.4279
4654,0.0964
4655,0.1469
4656,0.0845
4657,0.3267
4658,0.2232
4659,0.057
4660,0.0916
4661,0.343
4662,0.0778
4663,0.1203
4664,0.2716
4665,0.2061
4666,0.4806
4667,0.3703
4668,0.3283
4669,0.4378
4670,0.0305
4671,0.1976
4672,0.2219
4673,0.4252
4674,0.3337
4675,0.008
4676,0.1669
4677,0.3285
4678,0.2606
4679,0.4917
4680,0.0353
4681,0.4964
4682,0.2438
4683,0.4471
4684,0.0276
4685,0.0552
4686,0.0594
4687,0.2619
4688,0.4631
4689,0.1596
4690,0.2982
4691,0.0228
4692,0.2426
4693,0.33
4694,0.3138
4695,0.0923
4696,0.374
4697,0.1877
4698,0.0503
4699,0.4854
4700,0.0799
4701,0.2437
4702,0.4023
4703,0.249
4704,0.2718
4705,0.336
4706,0.0995
4707,0.1422
4708,0.4724
4709,0.1237
4710,0.1338
4711,0.1201
4712,0.2237
4713,0.1006
4714,0.4509
4715,0.1149
4716,0.3871
4717,0.3761
4718,0.3173
4719,0.3013
4720,0.4707
4721,0.1306
4722,0.2659
4723,0.0898
4724,0.4882
4725,0.3287
4726,0.2613
4727,0.4854
4728,0.179
4729,0.2285
4730,0.2883
4731,0.0435
4732,0.2627
4733,0.4941
4734,0.3261
4735,0.4221
4736,0.3605
4737,0.3738
4738,0.2003
4739,0.3845
4740,0.1905
4741,0.0457
4742,0.224
4743,0.3573
4744,0.0613
4745,0.1036
4746,0.0772
4747,0.273
4748,0.4628
4749,0.484
4750,0.3786
4751,0.1958
4752,0.3786
4753,0.4632
4754,0.3963
4755,0.4837
4756,0.3269
4757,0.2986
4758,0.044
4759,0.4042
4760,0.2092
4761,0.2728
4762,0.4359
4763,0.4595
4764,0.0221
4765,0.3105
4766,0.2687
4767,0.1026
4768,0.0975
4769,0.1151
4770,0.3659
4771,0.0065
4772,0.0738
4773,0.0377
4774,0.0483
4775,0.1136
4776,0.4463
4777,0.0412
4778,0.4799
4779,0.2823
4780,0.329
4781,0.4609
4782,0.2991
4783,0.1042
4784,0.4498
4785,0.3596
4786,0.348
4787,0.4747
4788,0.2389
4789,0.1311
4790,0.4803
4791,0.479
4792,0.165
4793,0.1282
4794,0.0357
4795,0.1605
4796,0.1789
4797,0.4082
4798,0.3076
4799,0.2495
4800,0.2597
4801,0.3778
4802,0.0615
4803,0.2074
4804,0.0224
4805,0.0149
4806,0.4361
4807,0.0845
4808,0.2029
4809,0.3973
4810,0.1091
4811,0.1185
4812,0.4296
4813,0.3989
4814,0.4537
4815,0.4842
4816,0.3217
4817,0.4015
4818,0.3875
4819,0.3811
4820,0.3362
4821,0.1398
4822,0.303
4823,0.3659
4824,0.131
4825,0.0497
4826,0.2634
4827,0.233
4828,0.4324
4829,0.4471
4830,0.101
4831,0.1558
4832,0.3858
4833,0.4905
4834,0.0698
4835,0.2991
4836,0.0772
4837,0.0755
4838,0.4089
4839,0.2796
4840,0.1595
4841,0.1258
4842,0.1159
4843,0.3768
4844,0.3
4845,0.0359
4846,0.1402
4847,0.2496
4848,0.1207
4849,0.1494
4850,0.0208
4851,0.2169
4852,0.0905
4853,0.0114
4854,0.4284
4855,0.0579
4856,0.4311
4857,0.1251
4858,0.4944
4859,0.3562
4860,0.1561
4861,0.4741
4862,0.0512
4863,0.3355
4864,0.0956
4865,0.0143
4866,0.3998
4867,0.4594
4868,0.1511
4869,0.4861
4870,0.3645
4871,0.0644
4872,0.2574
4873,0.4164
4874,0.1974
4875,0.4271
4876,0.3508
4877,0.1136
4878,0.1874
4879,0.2423
4880,0.2392
4881,0.3606
4882,0.0814
4883,0.4312
4884,0.4035
4885,0.3918
4886,0.1638
4887,0.1721
4888,0.1012
4889,0.4485
4890,0.1131
4891,0.3288
4892,0.4629
4893,0.0615
4894,0.0427
4895,0.0541
4896,0.1926
4897,0.0218
4898,0.386
4899,0.413
4900,0.0973
4901,0.4499
4902,0.0651
4903,0.1073
4904,0.1003
4905,0.337
4906,0.0373
4907,0.2089
4908,0.4081
4909,0.2492
4910,0.4875
4911,0.4756
4912,0.372
4913,0.4481
4914,0.2114
4915,0.0022
4916,0.1892
4917,0.4278
4918,0.0592
4919,0.1838
4920,0.2061
4921,0.041
4922,0.3696
4923,0.2476
4924,0.2204
4925,0.0882
4926,0.2573
4927,0.2898
4928,0.3594
4929,0.4436
4930,0.4948
4931,0.0669
4932,0.3915
4933,0.2629
4934,0.1392
4935,0.0081
4936,0.0087
4937,0.0923
4938,0.447
4939,0.1767
4940,0.4699
4941,0.1193
4942,0.2434
4943,0.4398
4944,0.2796
4945,0.3409
4946,0.172
4947,0.0572
4948,0.4655
4949,0.1337
4950,0.1535
4951,0.2087
4952,0.2165
4953,0.1567
4954,0.4837
4955,0.2956
4956,0.0792
4957,0.1483
4958,0.0898
4959,0.016
4960,0.4718
4961,0.0807
4962,0.2454
4963,0.286
4964,0.2657
4965,0.1955
4966,0.115
4967,0.3307
4968,0.0605
4969,0.1485
4970,0.1564
4971,0.4782
4972,0.4192
4973,0.4733
4974,0.1364
4975,0.1636
4976,0.1763
4977,0.1342
4978,0.1644
4979,0.3941
4980,0.4762
4981,0.0523
4982,0.2194
4983,0.483
4984,0.0397
4985,0.4887
4986,0.4445
4987,0.084
4988,0.3535
4989,0.3585
4990,0.0275
4991,0.2611
4992,0.3568
4993,0.0499
4994,0.3402
4995,0.2443
4996,0.4997
4997,0.0055
4998,0.4963
4999,0.2131
5000,0.1681
5001,0.3089
5002,0.4234
5003,0.2877
5004,0.3571
5005,0.3802
5006,0.4345
5007,0.1468
5008,0.4715
5009,0.4535
5010,0.3356
5011,0.2342
5012,0.0421
5013,0.257
5014,0.0654
5015,0.4001
5016,0.4627
5017,0.0805
5018,0.4018
5019,0.4983
5020,0.2008
5021,0.1042
5022,0.3691
5023,0.4246
5024,0.1428
5025,0.2584
5026,0.0255
5027,0.0775
5028,0.4543
5029,0.0022
5030,0.4796
5031,0.0283
5032,0.1233
5033,0.3116
5034,0.4309
5035,0.1647
5036,0.2573
5037,0.0734
5038,0.4935
5039,0.3082
5040,0.3035
5041,0.0082
5042,0.3672
5043,0.1595
5044,0.0667
5045,0.0463
5046,0.1011
5047,0.1721
5048,0.4285
5049,0.1678
5050,0.0936
5051,0.0495
5052,0.1892
5053,0.4755
5054,0.435
5055,0.1388
5056,0.3946
5057,0.3497
5058,0.1945
5059,0.213
5060,0.2001
5061,2e-04
5062,0.4204
5063,0.0071
5064,0.0116
5065,0.4167
5066,0.315
5067,0.334
5068,0.3397
5069,0.4161
5070,0.0609
5071,0.3374
5072,0.1801
5073,0.2763
5074,0.0134
5075,0.4139
5076,0.1912
5077,0.4711
5078,0.0391
5079,0.1052
5080,0.4472
5081,0.26
5082,0.2873
5083,0.0265
5084,0.2881
5085,0.2722
5086,0.3556
5087,0.4742
5088,0.129
5089,0.3394
5090,0.3968
5091,0.0332
5092,0.4797
5093,0.2904
5094,0.2755
5095,0.1218
5096,0.3288
5097,0.2226
5098,0.0417
5099,0.3234
5100,0.0344
5101,0.203
5102,0.1512
5103,0.0775
5104,0.0911
5105,0.3886
5106,0.4016
5107,0.2967
5108,0.35
5109,0.0214
5110,0.4619
5111,0.3328
5112,0.4231
5113,0.078
5114,0.4531
5115,0.3222
5116,0.1005
5117,0.1617
5118,0.3872
5119,0.1646
5120,0.0175
5121,0.3463
5122,0.042
5123,0.4802
5124,0.4839
5125,0.0012
5126,0.3102
5127,0.2257
5128,0.3203
5129,0.4768
5130,0.2739
5131,0.1326
5132,0.1406
5133,0.2541
5134,0.1019
5135,0.1508
5136,0.1212
5137,0.208
5138,0.4442
5139,0.4111
5140,0.2923
5141,0.2398
5142,0.4827
5143,0.3283
5144,0.2168
5145,0.3791
5146,0.3531
5147,0.4218
5148,0.1408
5149,0.2461
5150,0.2771
5151,0.0044
5152,0.3258
5153,0.2426
5154,0.3277
5155,0.004
5156,0.1089
5157,0.4998
5158,0.0749
5159,0.2959
5160,0.3855
5161,0.2154
5162,0.229
5163,0.1826
5164,0.4088
5165,0.0399
5166,0.4877
5167,0.1849
5168,0.3142
5169,0.1419
5170,0.053
5171,0.4722
5172,0.3726
5173,0.1357
5174,0.3989
5175,0.3533
5176,0.1551
5177,0.3507
5178,0.3946
5179,0.0375
5180,0.2478
5181,0.3078
5182,0.1028
5183,0.2313
5184,0.3225
5185,0.2864
5186,0.0939
5187,0.1851
5188,0.216
5189,0.3744
5190,0.4397
5191,0.1945
5192,0.3859
5193,0.0166
5194,0.08
5195,0.0972
5196,0.4381
5197,0.1161
5198,0.0451
5199,0.2164
5200,0.4981
5201,0.45
5202,0.38
5203,0.4259
5204,0.0742
5205,0.1463
5206,0.489
5207,0.4924
5208,0.2501
5209,0.1915
5210,0.296
5211,0.456
5212,0.0088
5213,0.4128
5214,0.4531
5215,0.3619
5216,0.38
5217,0.1213
5218,0.4032
5219,0.4026
5220,0.0918
5221,0.4713
5222,0.0128
5223,0.0084
5224,0.1604
5225,0.4304
5226,0.1319
5227,0.4301
5228,0.2919
5229,0.3145
5230,0.3369
5231,0.3038
5232,0.2244
5233,0.2293
5234,0.2889
5235,0.0459
5236,0.0795
5237,0.0147
5238,0.2662
5239,0.1331
5240,0.3056
5241,0.1862
5242,0.3151
5243,0.3862
5244,0.3378
5245,0.1294
5246,0.0692
5247,0.4883
5248,0.3086
5249,0.2823
5250,0.4591
5251,0.4397
5252,0.2251
5253,0.4327
5254,0.001
5255,0.4151
5256,0.2439
5257,0.3218
5258,0.176
5259,0.2547
5260,0.0097
5261,0.1626
5262,0.4646
5263,0.4757
5264,0.2556
5265,0.4109
5266,0.055
5267,0.359
5268,0.0919
5269,0.4763
5270,0.4434
5271,0.2038
5272,0.0183
5273,0.3818
5274,0.2291
5275,0.349
5276,0.0934
5277,0.2561
5278,0.0532
5279,0.4511
5280,0.1617
5281,0.2762
5282,0.4937
5283,0.4594
5284,0.2883
5285,0.3824
5286,0.2648
5287,0.1633
5288,0.4094
5289,0.0291
5290,0.0265
5291,0.298
5292,0.3922
5293,0.1277
5294,0.3668
5295,0.0192
5296,0.4398
5297,0.2965
5298,0.0665
5299,0.4197
5300,0.4965
5301,0.3338
5302,0.2955
5303,0.2653
5304,0.1812
5305,0.3185
5306,0.4139
5307,0.435
5308,0.4501
5309,0.4141
5310,0.4478
5311,0.1297
5312,0.1114
5313,0.4068
5314,0.1655
5315,0.1361
5316,0.1784
5317,0.1575
5318,0.0912
5319,0.0421
5320,0.0523
5321,0.0544
5322,0.3828
5323,0.1652
5324,0.2339
5325,0.0052
5326,0.3297
5327,0.3698
5328,0.3872
5329,0.2999
5330,0.2704
5331,0.1446
5332,0.4711
5333,0.3528
5334,0.268
5335,0.3908
5336,0.4775
5337,0.3074
5338,0.2682
5339,0.2344
5340,0.375
5341,0.4273
5342,0.0255
5343,0.2295
5344,0.1188
5345,0.0325
5346,0.1424
5347,0.2206
5348,0.199
5349,0.2586
5350,0.2835
5351,0.0135
5352,0.2247
5353,0.3126
5354,0.217
5355,0.1708
5356,0.4918
5357,0.0522
5358,0.4327
5359,0.1201
5360,0.4591
5361,0.0917
5362,0.2574
5363,0.4214
5364,0.0799
5365,0.4294
5366,0.4206
5367,0.4408
5368,0.1181
5369,0.0041
5370,0.4125
5371,0.2064
5372,0.0553
5373,0.4468
5374,0.3128
5375,0.2023
5376,0.4579
5377,0.1523
5378,0.0092
5379,0.1568
5380,0.1004
5381,0.0248
5382,0.2525
5383,0.453
5384,0.3833
5385,0.2207
5386,0.1733
5387,0.282
5388,0.2905
5389,0.1211
5390,0.2022
5391,0.1018
5392,0.1018
5393,0.3947
5394,0.1321
5395,0.3272
5396,0.2707
5397,0.2264
5398,0.0962
5399,0.3609
5400,0.0983
5401,0.413
5402,0.3758
5403,0.1047
5404,0.0065
5405,0.0869
5406,0.4719
5407,0.21
5408,0.4216
5409,0.4943
5410,0.2523
5411,0.3787
5412,0.4297
5413,0.1672
5414,0.3693
5415,0.3609
5416,0.4525
5417,0.1602
5418,0.085
5419,0.2909
5420,0.1032
5421,0.3065
5422,0.251
5423,0.2459
5424,0.3544
5425,0.0913
5426,0.0373
5427,0.3364
5428,0.3541
5429,0.1886
5430,0.1186
5431,0.1236
5432,0.4404
5433,0.0084
5434,0.1242
5435,0.0563
5436,0.393
5437,0.2589
5438,0.2411
5439,0.0836
5440,0.3102
5441,0.3584
5442,0.3609
5443,0.4002
5444,0.3402
5445,0.0878
5446,0.214
5447,0.3772
5448,0.0024
5449,0.0508
5450,0.011
5451,0.1039
5452,0.452
5453,0.154
5454,0.4738
5455,0.4852
5456,0.2797
5457,0.0381
5458,0.4483
5459,0.3504
5460,0.1673
5461,0.0237
5462,0.0755
5463,0.499
5464,0.2683
5465,0.2902
5466,0.2176
5467,0.1557
5468,0.3206
5469,0.0494
5470,0.4391
5471,0.3093
5472,0.2981
5473,0.2053
5474,0.2298
5475,0.3189
5476,0.1077
5477,0.1464
5478,0.3713
5479,0.2606
5480,0.159
5481,0.3207
5482,0.11
5483,0.0764
5484,0.4032
5485,0.4539
5486,0.2281
5487,0.3682
5488,0.3746
5489,0.4429
5490,0.0811
5491,0.017
5492,0.304
5493,0.2976
5494,0.1177
5495,0.1227
5496,0.2644
5497,0.2909
5498,0.4019
5499,0.2053
5500,0.0966
5501,0.1173
5502,0.0826
5503,0.3361
5504,0.319
5505,0.2881
5506,0.3062
5507,0.0151
5508,0.015
5509,0.2428
5510,0.4606
5511,0.1888
5512,0.0278
5513,0.4391
5514,0.4409
5515,0.136
5516,0.2418
5517,0.3033
5518,0.2795
5519,0.0838
5520,0.3188
5521,0.158
5522,0.0468
5523,0.0304
5524,0.3512
5525,0.0314
5526,0.3363
5527,0.1067
5528,0.1242
5529,0.3985
5530,0.0731
5531,0.2357
5532,0.1205
5533,0.468
5534,0.4327
5535,0.0216
5536,0.3556
5537,0.1626
5538,0.1508
5539,0.2161
5540,0.0398
5541,0.1981
5542,0.4526
5543,0.173
5544,0.2913
5545,0.0106
5546,0.1864
5547,0.1001
5548,0.1
5549,0.1747
5550,0.4777
5551,0.2715
5552,0.4146
5553,0.0812
5554,0.3193
5555,0.3855
5556,0.3638
5557,0.4371
5558,0.3096
5559,0.3886
5560,0.0738
5561,0.1687
5562,0.091
5563,0.185
5564,0.4637
5565,0.1674
5566,0.4633
5567,0.1102
5568,0.0797
5569,0.3951
5570,0.0044
5571,0.2621
5572,0.3613
5573,0.2424
5574,0.3734
5575,0.242
5576,0.3036
5577,0.2941
5578,0.243
5579,0.0442
5580,0.2607
5581,0.3991
5582,0.4958
5583,0.3882
5584,0.2606
5585,0.173
5586,0.258
5587,0.4005
5588,0.4019
5589,0.1841
5590,0.0709
5591,0.3276
5592,0.111
5593,0.4034
5594,0.2122
5595,0.4541
5596,0.3894
5597,0.3287
5598,0.1464
5599,0.0537
5600,0.212
5601,0.3414
5602,0.1377
5603,0.4129
5604,0.2927
5605,0.2003
5606,0.3997
5607,0.4777
5608,0.3196
5609,0.2492
5610,0.1125
5611,0.4655
5612,0.1053
5613,0.2502
5614,0.1297
5615,0.2898
5616,0.4129
5617,0.4417
5618,0.2005
5619,0.4228
5620,0.047
5621,0.3742
5622,0.0212
5623,0.445
5624,0.4064
5625,0.2396
5626,0.1913
5627,0.1302
5628,0.1768
5629,0.0282
5630,0.2803
5631,0.4109
5632,0.2185
5633,0.4379
5634,0.4525
5635,0.1661
5636,0.1766
5637,0.1109
5638,0.2102
5639,0.1881
5640,0.4549
5641,0.2187
5642,0.2522
5643,0.41
5644,0.4575
5645,0.1752
5646,0.396
5647,0.4416
5648,0.4859
5649,0.0893
5650,0.0587
5651,0.1366
5652,0.2317
5653,0.0418
5654,0.3809
5655,0.317
5656,0.1473
5657,0.1198
5658,0.1571
5659,0.2431
5660,0.0128
5661,0.2941
5662,0.2589
5663,0.1684
5664,0.1932
5665,0.338
5666,0.2718
5667,0.1734
5668,0.0475
5669,0.2231
5670,0.4272
5671,0.1561
5672,0.0259
5673,0.3287
5674,0.4503
5675,0.4502
5676,0.3869
5677,0.0892
5678,0.2169
5679,0.0859
5680,0.2822
5681,0.1365
5682,0.3327
5683,0.3858
5684,0.4389
5685,0.0145
5686,0.3487
5687,0.2402
5688,0.2728
5689,0.101
5690,0.3825
5691,0.0687
5692,0.2675
5693,0.0587
5694,0.0537
5695,0.3561
5696,0.053
5697,0.3581
5698,0.1936
5699,0.4615
5700,0.1512
5701,0.2628
5702,0.0222
5703,0.1253
5704,0.4962
5705,0.4817
5706,0.0078
5707,0.202
5708,0.4317
5709,0.239
5710,0.0668
5711,0.1485
5712,0.1777
5713,0.1841
5714,0.2008
5715,0.4318
5716,0.1687
5717,0.4013
5718,0.4011
5719,0.1931
5720,0.1034
5721,0.444
5722,0.3846
5723,0.437
5724,0.0481
5725,0.4626
5726,0.2965
5727,0.26
5728,0.3748
5729,0.4995
5730,0.3112
5731,0.0724
5732,0.2323
5733,0.0866
5734,0.0217
5735,0.2193
5736,0.2972
5737,0.3497
5738,0.13
5739,0.0794
5740,0.2371
5741,0.2406
5742,0.1036
5743,0.3681
5744,0.0992
5745,0.2638
5746,0.0891
5747,0.1538
5748,0.2897
5749,0.1868
5750,0.2932
5751,0.2481
5752,0.4887
5753,0.4249
5754,0.4047
5755,0.3098
5756,0.0889
5757,0.1211
5758,0.3848
5759,0.4779
5760,0.3702
5761,0.1699
5762,0.0473
5763,0.1592
5764,0.3599
5765,0.1755
5766,0.3918
5767,0.2716
5768,0.4236
5769,0.4431
5770,0.0872
5771,0.2548
5772,0.0451
5773,0.3931
5774,0.0719
5775,0.4768
5776,0.2765
5777,0.0211
5778,0.2341
5779,0.3445
5780,0.4126
5781,0.2898
5782,0.0666
5783,0.2991
5784,0.1614
5785,0.2465
5786,0.1692
5787,0.4338
5788,0.1395
5789,0.4944
5790,0.3925
5791,0.1171
5792,0.0442
5793,0.0461
5794,0.2203
5795,0.4865
5796,0.4567
5797,0.3592
5798,0.0884
5799,0.4078
5800,0.4437
5801,0.3307
5802,0.2694
5803,0.4222
5804,0.4382
5805,0.2842
5806,0.2641
5807,0.0848
5808,0.1956
5809,0.1857
5810,0.0187
5811,0.0073
5812,0.228
5813,0.4502
5814,0.2892
5815,0.4732
5816,0.3425
5817,0.0316
5818,0.1832
5819,0.1228
5820,0.2244
5821,0.2666
5822,0.2152
5823,0.2697
5824,0.4244
5825,0.0728
5826,0.2223
5827,0.1988
5828,0.3543
5829,0.4962
5830,0.0909
5831,0.0697
5832,0.145
5833,0.3904
5834,0.1615
5835,0.4832
5836,0.1254
5837,0.4864
5838,0.2181
5839,0.4173
5840,0.2804
5841,0.0944
5842,0.145
5843,0.2614
5844,0.4794
5845,0.0913
5846,0.262
5847,0.2517
5848,0.3982
5849,0.4578
5850,0.4482
5851,0.3522
5852,0.3343
5853,0.391
5854,0.2315
5855,0.1339
5856,0.246
5857,0.3625
5858,0.3885
5859,0.4773
5860,0.1854
5861,0.0303
5862,0.1319
5863,0.0766
5864,0.2193
5865,0.3601
5866,0.0248
5867,0.4722
5868,0.3434
5869,0.0613
5870,0.3292
5871,0.1121
5872,0.1751
5873,0.3484
5874,0.1217
5875,0.1996
5876,0.0497
5877,0.4557
5878,0.4655
5879,0.3292
5880,0.2137
5881,0.3141
5882,0.1664
5883,0.1116
5884,0.0505
5885,0.4691
5886,0.101
5887,0.1669
5888,0.3073
5889,0.0391
5890,0.3779
5891,0.4811
5892,0.1574
5893,0.2927
5894,0.4309
5895,0.0799
5896,0.1593
5897,0.2454
5898,0.0227
5899,0.4404
5900,0.1534
5901,0.3616
5902,0.2296
5903,0.2757
5904,0.379
5905,0.2328
5906,0.2675
5907,0.1359
5908,0.0823
5909,0.097
5910,0.242
5911,0.1883
5912,0.478
5913,0.491
5914,0.1084
5915,0.0657
5916,0.285
5917,0.3152
5918,0.2991
5919,0.2593
5920,0.3246
5921,0.0409
5922,0.0173
5923,0.1162
5924,0.1153
5925,0.0741
5926,0.2162
5927,0.1854
5928,0.4779
5929,0.0331
5930,0.3583
5931,0.3651
5932,0.131
5933,0.0077
5934,0.0848
5935,0.2152
5936,0.0442
5937,0.3165
5938,0.0646
5939,0.2251
5940,0.2927
5941,0.2721
5942,0.4749
5943,0.0697
5944,0.2728
5945,0.3594
5946,0.4023
5947,0.3282
5948,0.3593
5949,0.4235
5950,0.0609
5951,0.1041
5952,0.487
5953,0.0464
5954,0.4335
5955,0.4114
5956,0.2363
5957,0.3718
5958,0.4524
5959,0.432
5960,0.4124
5961,0.4146
5962,0.4644
5963,0.1638
5964,0.132
5965,0.1125
5966,0.3045
5967,0.4968
5968,0.4506
5969,0.0663
5970,0.0488
5971,0.2515
5972,0.2506
5973,0.4803
5974,0.2425
5975,0.2051
5976,0.1521
5977,0.1331
5978,0.201
5979,0.2035
5980,0.4935
5981,0.0034
5982,0.4203
5983,0.4466
5984,0.3885
5985,0.1768
5986,0.3965
5987,0.3162
5988,0.2821
5989,0.2661
5990,0.3162
5991,0.0854
5992,0.4931
5993,0.3914
5994,0.0186
5995,0.2915
5996,0.3268
5997,0.1
5998,0.453
5999,0.0691
6000,0.1703
6001,0.4929
6002,0.0529
6003,0.0202
6004,0.1128
6005,0.4508
6006,0.1732
6007,0.1643
6008,0.1111
6009,0.1502
6010,0.4802
6011,0.4305
6012,0.0373
6013,0.3669
6014,0.3111
6015,0.4342
6016,0.4878
6017,0.067
6018,0.4417
6019,0.4809
6020,0.0533
6021,0.4083
6022,0.2812
6023,0.1137
6024,0.3241
6025,0.3242
6026,0.4518
6027,0.2963
6028,0.4066
6029,0.4264
6030,0.4461
6031,0.3443
6032,0.4093
6033,0.4844
6034,0.1189
6035,0.142
6036,0.4752
6037,0.2054
6038,0.2638
6039,0.1046
6040,0.1182
6041,0.0368
6042,0.0141
6043,0.1523
6044,0.0093
6045,0.3352
6046,0.0436
6047,0.3033
6048,0.4595
6049,0.3805
6050,0.1951
6051,0.3931
6052,0.2847
6053,0.0126
6054,0.3435
6055,0.4848
6056,0.0254
6057,0.3409
6058,0.4255
6059,0.3865
6060,0.3572
6061,0.4139
6062,0.1326
6063,0.4176
6064,0.4793
6065,0.3113
6066,0.0483
6067,0.0782
6068,0.3516
6069,0.1169
6070,0.3637
6071,0.1215
6072,0.3804
6073,0.0208
6074,0.2643
6075,0.4056
6076,0.1848
6077,0.3275
6078,0.2265
6079,0.2847
6080,0.4895
6081,0.3211
6082,0.3718
6083,0.0579
6084,0.0518
6085,0.2214
6086,0.4922
6087,0.195
6088,0.3264
6089,0.2908
6090,0.26
6091,0.3092
6092,0.1586
6093,0.0152
6094,0.1963
6095,0.1922
6096,0.2621
6097,0.2231
6098,0.3555
6099,0.0532
6100,0.4996
6101,0.3622
6102,0.2059
6103,0.3583
6104,0.3332
6105,0.1288
6106,0.0399
6107,0.0237
6108,0.3105
6109,0.3108
6110,0.2792
6111,0.1791
6112,0.2891
6113,0.0144
6114,0.1464
6115,0.2971
6116,0.2956
6117,0.4698
6118,0.4412
6119,0.0855
6120,0.4109
6121,0.4983
6122,0.477
6123,0.4491
6124,0.187
6125,0.1968
6126,0.2957
6127,0.2223
6128,0.0348
6129,0.3816
6130,0.4477
6131,0.2782
6132,0.4873
6133,0.4582
6134,0.3225
6135,0.073
6136,0.4769
6137,0.2989
6138,0.0534
6139,0.2116
6140,0.4729
6141,0.3841
6142,0.0659
6143,0.0223
6144,0.1381
6145,0.107
6146,0.3571
6147,0.1002
6148,0.488
6149,0.2523
6150,0.1328
6151,0.1511
6152,0.2097
6153,0.4587
6154,0.4399
6155,0.3503
6156,0.2561
6157,0.4623
6158,0.2656
6159,0.2461
6160,0.3707
6161,0.3358
6162,0.2861
6163,0.0981
6164,0.2911
6165,0.1214
6166,0.2747
6167,0.2683
6168,0.184
6169,0.2936
6170,0.124
6171,0.2858
6172,0.1707
6173,0.1075
6174,0.2871
6175,0.2691
6176,0.0144
6177,0.2677
6178,0.1723
6179,0.1171
6180,0.0886
6181,0.2818
6182,0.4278
6183,0.264
6184,0.2553
6185,0.4494
6186,0.2986
6187,0.1977
6188,0.0971
6189,0.275
6190,0.3227
6191,0.1061
6192,0.2033
6193,0.0043
6194,0.1557
6195,0.4902
6196,0.3313
6197,0.2256
6198,0.1251
6199,0.1127
6200,0.4668
6201,0.2204
6202,0.4563
6203,0.4558
6204,0.2269
6205,0.3759
6206,0.3198
6207,0.3641
6208,0.1351
6209,0.0768
6210,0.1928
6211,0.0727
6212,0.0844
6213,0.0912
6214,0.2486
6215,0.217
6216,0.3545
6217,0.4534
6218,0.4295
6219,0.3161
6220,0.0086
6221,0.1832
6222,0.4292
6223,0.118
6224,0.1841
6225,0.4556
6226,0.0992
6227,0.4775
6228,0.3255
6229,0.1585
6230,0.0228
6231,0.0106
6232,0.1326
6233,0.348
6234,0.1822
6235,0.3252
6236,0.165
6237,0.4198
6238,0.2934
6239,0.2001
6240,0.2451
6241,0.4053
6242,0.3346
6243,0.0368
6244,0.2636
6245,0.0218
6246,0.4423
6247,0.3791
6248,0.1491
6249,0.1167
6250,0.1725
6251,0.3666
6252,0.1868
6253,0.3325
6254,0.2103
6255,0.0017
6256,0.3099
6257,0.2177
6258,0.1129
6259,0.0157
6260,0.1009
6261,0.4265
6262,0.3416
6263,0.3503
6264,0.4897
6265,0.4695
6266,0.0512
6267,0.3685
6268,0.4356
6269,0.4078
6270,0.0532
6271,0.0588
6272,0.0138
6273,0.2456
6274,0.4847
6275,0.1876
6276,0.1611
6277,0.4357
6278,0.0663
6279,0.0078
6280,0.0766
6281,0.0028
6282,0.498
6283,0.3271
6284,0.2736
6285,0.1493
6286,0.0827
6287,0.2984
6288,0.383
6289,0.061
6290,0.4352
6291,0.2361
6292,0.3499
6293,0.2787
6294,0.1128
6295,0.4496
6296,0.3032
6297,0.0242
6298,0.0173
6299,0.2473
6300,0.3912
6301,0.0129
6302,0.074
6303,0.0512
6304,0.0396
6305,0.4674
6306,0.3199
6307,0.331
6308,0.2916
6309,0.3783
6310,0.417
6311,0.0285
6312,0.1044
6313,0.0235
6314,0.0405
6315,0.2421
6316,0.2273
6317,0.0205
6318,0.3477
6319,0.4607
6320,0.1437
6321,0.2324
6322,0.2696
6323,0.1347
6324,0.1133
6325,0.0633
6326,0.4933
6327,0.3105
6328,0.3243
6329,0.2414
6330,0.0803
6331,0.3471
6332,0.4258
6333,0.4286
6334,0.2856
6335,0.1192
6336,0.2274
6337,0.2393
6338,0.2216
6339,0.4291
6340,0.2819
6341,0.2613
6342,0.4838
6343,0.1985
6344,0.2994
6345,0.1568
6346,0.3809
6347,0.303
6348,0.1392
6349,0.4466
6350,0.3897
6351,0.2657
6352,0.3674
6353,0.317
6354,0.1265
6355,0.3725
6356,0.4227
6357,0.018
6358,0.4159
6359,0.0261
6360,0.1786
6361,0.3443
6362,0.4581
6363,0.4021
6364,0.3755
6365,0.333
6366,0.1427
6367,0.0241
6368,0.2194
6369,0.29
6370,0.1412
6371,0.3574
6372,0.3353
6373,0.0158
6374,0.4174
6375,0.307
6376,0.0217
6377,0.3262
6378,0.1566
6379,0.1992
6380,0.3824
6381,0.3616
6382,6e-04
6383,0.2616
6384,0.4799
6385,0.2998
6386,0.1212
6387,0.3297
6388,0.1796
6389,0.181
6390,0.0339
6391,0.4408
6392,0.2695
6393,0.297
6394,0.3643
6395,0.4748
6396,0.2647
6397,0.0649
6398,0.3265
6399,0.25
6400,0.3431
6401,0.2088
6402,0.2472
6403,0.4812
6404,0.2845
6405,0.4519
6406,0.3371
6407,0.2893
6408,0.2379
6409,0.4044
6410,0.4357
6411,0.0623
6412,0.2504
6413,0.2202
6414,0.2472
6415,0.068
6416,0.4152
6417,0.4339
6418,0.3342
6419,0.0566
6420,0.1223
6421,0.1548
6422,0.3497
6423,0.307
6424,0.3954
6425,0.385
6426,0.3921
6427,0.2826
6428,0.1282
6429,0.433
6430,0.0779
6431,0.0564
6432,0.4184
6433,0.4171
6434,0.0187
6435,0.1259
6436,0.1754
6437,0.3672
6438,0.1215
6439,0.4782
6440,0.008
6441,0.391
6442,0.1039
6443,0.1791
6444,0.1008
6445,0.103
6446,0.0183
6447,0.0228
6448,0.4895
6449,0.0909
6450,0.0259
6451,0.4449
6452,0.0179
6453,0.3824
6454,0.228
6455,0.3223
6456,0.2995
6457,0.4674
6458,0.0691
6459,0.1153
6460,0.0943
6461,0.0916
6462,0.3372
6463,0.1089
6464,0.4682
6465,0.2727
6466,0.0216
6467,0.399
6468,0.2816
6469,0.3593
6470,0.2245
6471,0.0803
6472,0.47
6473,0.0611
6474,0.3165
6475,0.2218
6476,0.4186
6477,0.4375
6478,0.4636
6479,0.121
6480,0.0359
6481,0.4135
6482,0.1667
6483,0.4156
6484,0.1442
6485,0.3043
6486,0.0714
6487,0.3944
6488,0.4717
6489,0.4473
6490,0.3352
6491,0.3287
6492,0.1677
6493,0.2287
6494,0.3512
6495,0.273
6496,0.1326
6497,0.0056
6498,0.201
6499,0.4997
6500,0.2351
6501,0.2765
6502,0.0275
6503,0.2274
6504,0.3495
6505,0.1856
6506,0.111
6507,0.4083
6508,0.1318
6509,0.1424
6510,0.3404
6511,0.4777
6512,0.3509
6513,0.0329
6514,0.1729
6515,0.0557
6516,0.2558
6517,0.313
6518,0.4589
6519,0.0893
6520,0.0636
6521,0.3915
6522,0.071
6523,0.2627
6524,0.2872
6525,0.4171
6526,0.1571
6527,0.3079
6528,0.0266
6529,0.2571
6530,0.4277
6531,0.2781
6532,0.4071
6533,0.4356
6534,0.2232
6535,0.4594
6536,0.0607
6537,0.3479
6538,0.2892
6539,0.4888
6540,0.4463
6541,0.1507
6542,0.2252
6543,0.3443
6544,0.2022
6545,1e-04
6546,0.3906
6547,0.1953
6548,0.2232
6549,0.4926
6550,0.0535
6551,0.4621
6552,0.4596
6553,0.1786
6554,0.229
6555,0.1204
6556,0.232
6557,0.0846
6558,0.2432
6559,0.4937
6560,0.3716
6561,0.2085
6562,0.1341
6563,0.0654
6564,0.4219
6565,0.3393
6566,0.371
6567,0.1359
6568,0.344
6569,0.2271
6570,0
6571,0.0149
6572,0.0658
6573,0.3247
6574,0.4768
6575,0.0782
6576,0.4216
6577,0.3831
6578,0.3202
6579,0.0378
6580,0.3833
6581,0.3073
6582,0.0824
6583,0.1002
6584,0.1768
6585,0.351
6586,0.1392
6587,0.3497
6588,0.1597
6589,0.3077
6590,0.3725
6591,0.2833
6592,0.2346
6593,0.2163
6594,0.2345
6595,0.4878
6596,0.2335
6597,0.0538
6598,0.0892
6599,0.0705
6600,0.342
6601,0.3492
6602,0.2088
6603,0.254
6604,0.4962
6605,0.2032
6606,0.3333
6607,0.3856
6608,0.1013
6609,0.1241
6610,0.3928
6611,0.4829
6612,0.1648
6613,0.325
6614,0.4033
6615,0.0481
6616,0.0568
6617,0.0508
6618,0.3368
6619,0.4284
6620,0.2521
6621,0.2811
6622,0.1396
6623,0.0199
6624,0.2109
6625,0.2873
6626,0.1207
6627,0.2639
6628,0.1158
6629,0.2217
6630,0.1357
6631,0.076
6632,0.4483
6633,0.4553
6634,0.0963
6635,0.1567
6636,0.4965
6637,0.271
6638,0.1307
6639,0.2231
6640,0.3167
6641,0.0093
6642,0.0749
6643,0.3789
6644,0.1508
6645,0.1459
6646,0.1698
6647,0.3281
6648,0.4325
6649,0.0366
6650,0.2461
6651,0.16
6652,0.4759
6653,0.3512
6654,0.1775
6655,0.4851
6656,0.3749
6657,0.4067
6658,0.4588
6659,0.0759
6660,0.496
6661,0.3777
6662,0.2064
6663,0.3291
6664,0.2852
6665,0.1729
6666,0.3699
6667,0.0267
6668,0.4568
6669,0.2873
6670,0.3229
6671,0.1997
6672,0.2493
6673,0.0096
6674,0.0519
6675,0.2038
6676,0.0522
6677,0.315
6678,0.4254
6679,0.4048
6680,0.4401
6681,0.349
6682,0.0588
6683,0.184
6684,0.4229
6685,0.4204
6686,0.4742
6687,0.2805
6688,0.387
6689,0.1903
6690,0.1105
6691,0.1768
6692,0.4439
6693,0.2008
6694,0.0144
6695,0.079
6696,0.0767
6697,0.2837
6698,0.0925
6699,0.328
6700,0.1351
6701,0.0762
6702,0.2335
6703,0.3204
6704,0.2562
6705,0.1044
6706,0.1448
6707,0.4875
6708,0.4356
6709,0.459
6710,0.1209
6711,0.3025
6712,0.4282
6713,0.1417
6714,0.306
6715,0.2229
6716,0.3073
6717,0.3968
6718,0.3748
6719,0.3316
6720,0.1279
6721,0.0704
6722,0.0583
6723,0.059
6724,0.3626
6725,0.494
6726,0.0826
6727,0.2121
6728,0.3211
6729,0.041
6730,0.2823
6731,0.4828
6732,0.3028
6733,0.4605
6734,0.248
6735,0.4905
6736,0.2018
6737,0.3549
6738,0.4323
6739,0.3174
6740,0.3593
6741,0.4822
6742,0.3242
6743,0.0546
6744,0.483
6745,0.4282
6746,0.3922
6747,0.042
6748,0.3216
6749,0.0703
6750,0.4621
6751,0.4609
6752,0.4468
6753,0.4916
6754,0.2889
6755,0.378
6756,0.226
6757,0.0245
6758,0.3336
6759,0.1468
6760,0.1781
6761,0.2279
6762,0.3183
6763,0.0419
6764,0.4764
6765,0.2953
6766,0.4158
6767,0.3973
6768,0.2484
6769,0.1746
6770,0.3604
6771,0.234
6772,0.2507
6773,0.0282
6774,0.314
6775,0.183
6776,0.3652
6777,0.0467
6778,0.0676
6779,0.4686
6780,0.3322
6781,0.0152
6782,0.3692
6783,0.076
6784,0.2405
6785,0.266
6786,0.2178
6787,0.1424
6788,0.0433
6789,0.3314
6790,0.2954
6791,0.1192
6792,0.334
6793,0.3721
6794,0.4939
6795,0.175
6796,0.0987
6797,0.2519
6798,0.3466
6799,0.4741
6800,0.1786
6801,0.2765
6802,0.3613
6803,0.2208
6804,0.3157
6805,0.1112
6806,0.41
6807,0.4066
6808,0.2979
6809,0.1702
6810,0.0307
6811,0.0229
6812,0.3515
6813,0.428
6814,0.1722
6815,0.4427
6816,0.1318
6817,0.1249
6818,0.3201
6819,0.2882
6820,0.0655
6821,0.3261
6822,0.0242
6823,0.1802
6824,0.0461
6825,0.4428
6826,0.0986
6827,0.1275
6828,0.2832
6829,0.2616
6830,0.0106
6831,0.4289
6832,0.39
6833,0.1618
6834,0.2128
6835,0.0474
6836,0.1592
6837,0.259
6838,0.2504
6839,0.3961
6840,0.0949
6841,0.361
6842,0.223
6843,0.2653
6844,0.1138
6845,0.0801
6846,0.1484
6847,0.4216
6848,0.1676
6849,0.2982
6850,0.2288
6851,0.2772
6852,0.2053
6853,0.2227
6854,0.1582
6855,0.2935
6856,0.0688
6857,0.3627
6858,0.3801
6859,0.1195
6860,0.0386
6861,0.2039
6862,0.3633
6863,0.1994
6864,0.3141
6865,0.0826
6866,0.1551
6867,0.4193
6868,0.4099
6869,0.4777
6870,0.1586
6871,0.38
6872,0.1577
6873,0.078
6874,0.3545
6875,0.4199
6876,0.0311
6877,0.4039
6878,0.2641
6879,0.0926
6880,0.3145
6881,0.0376
6882,0.4316
6883,0.429
6884,0.0215
6885,0.1196
6886,0.4778
6887,0.4246
6888,0.1098
6889,0.1701
6890,0.2776
6891,0.1534
6892,0.0293
6893,0.0493
6894,0.3568
6895,0.217
6896,0.0826
6897,0.3869
6898,0.271
6899,0.1567
6900,0.1913
6901,0.4514
6902,0.3348
6903,0.451
6904,0.4414
6905,0.2494
6906,0.1374
6907,0.2834
6908,0.4489
6909,0.4036
6910,0.2162
6911,0.0313
6912,0.0724
6913,0.3338
6914,0.0327
6915,0.1253
6916,0.4148
6917,0.281
6918,0.1263
6919,0.0236
6920,0.3074
6921,0.1648
6922,0.3418
6923,0.0142
6924,0.0337
6925,0.4024
6926,0.4527
6927,0.3186
6928,0.1994
6929,0.3626
6930,0.1669
6931,0.2111
6932,0.2706
6933,0.0774
6934,0.3021
6935,0.1169
6936,0.3147
6937,0.4011
6938,0.4929
6939,0.1038
6940,0.1048
6941,0.2404
6942,0.3308
6943,0.4203
6944,0.282
6945,0.0505
6946,0.3975
6947,0.2032
6948,0.3156
6949,0.3537
6950,0.2597
6951,0.4231
6952,0.0805
6953,0.1957
6954,0.0467
6955,0.4798
6956,0.0991
6957,0.3471
6958,0.0457
6959,0.1204
6960,0.3818
6961,0.253
6962,0.4707
6963,0.4867
6964,0.4703
6965,0.3017
6966,0.4278
6967,0.4682
6968,0.3677
6969,0.4261
6970,0.2934
6971,0.0822
6972,0.407
6973,0.1387
6974,0.0666
6975,0.2209
6976,0.1288
6977,0.3399
6978,0.4576
6979,0.0105
6980,0.0869
6981,0.4999
6982,0.0421
6983,0.3004
6984,0.183
6985,0.3623
6986,0.2625
6987,0.231
6988,0.2466
6989,0.0882
6990,0.4145
6991,0.1489
6992,0.2092
6993,0.3113
6994,0.4897
6995,0.1979
6996,0.3024
6997,0.1987
6998,0.355
6999,0.178
7000,0.0892
7001,0.3896
7002,0.0208
7003,0.3838
7004,0.3249
7005,0.061
7006,0.1243
7007,0.0957
7008,0.3961
7009,0.2796
7010,0.1948
7011,0.4075
7012,0.0799
7013,0.2856
7014,0.3655
7015,0.3487
7016,0.4039
7017,0.2386
7018,0.3447
7019,0.0862
7020,0.367
7021,0.3044
7022,0.3347
7023,0.3657
7024,0.3166
7025,0.0336
7026,0.2686
7027,0.4785
7028,0.1625
7029,0.1994
7030,0.2363
7031,0.2893
7032,0.0048
7033,0.1473
7034,0.2847
7035,0.3864
7036,0.3693
7037,0.414
7038,0.0279
7039,0.4827
7040,0.4526
7041,0.4231
7042,0.1078
7043,0.1101
7044,0.3573
7045,0.2743
7046,0.2691
7047,0.0703
7048,0.0475
7049,0.3686
7050,0.0373
7051,0.3118
7052,0.1748
7053,0.0984
7054,0.371
7055,0.3829
7056,0.0683
7057,0.4451
7058,0.4114
7059,0.4558
7060,0.261
7061,0.17
7062,0.1135
7063,0.1399
7064,0.143
7065,0.079
7066,0.489
7067,0.4798
7068,0.1619
7069,0.2149
7070,0.2422
7071,0.2457
7072,0.3442
7073,0.2266
7074,0.3879
7075,0.1226
7076,0.2591
7077,0.4183
7078,0.1923
7079,0.1655
7080,0.0976
7081,0.4928
7082,0.1509
7083,0.3941
7084,0.0793
7085,0.4815
7086,0.3563
7087,0.3879
7088,0.206
7089,0.3164
7090,0.288
7091,0.2682
7092,0.1452
7093,0.1109
7094,0.0864
7095,0.305
7096,0.1371
7097,0.3779
7098,0.4039
7099,0.1108
7100,0.402
7101,0.2425
7102,0.3818
7103,0.3053
7104,0.3356
7105,0.4925
7106,0.3489
7107,0.0646
7108,0.018
7109,0.1144
7110,0.4617
7111,0.3298
7112,0.2704
7113,0.0052
7114,0.1558
7115,0.4183
7116,0.4261
7117,0.1272
7118,0.0065
7119,0.105
7120,0.0856
7121,0.2286
7122,0.2449
7123,0.2695
7124,0.0239
7125,0.4098
7126,0.3046
7127,0.1141
7128,0.2343
7129,0.1056
7130,0.4907
7131,0.1805
7132,0.1964
7133,0.116
7134,0.4014
7135,0.0823
7136,0.0205
7137,0.3687
7138,0.1436
7139,0.0492
7140,0.0155
7141,0.0811
7142,0.2967
7143,0.1424
7144,0.0552
7145,0.1867
7146,0.4205
7147,0.1391
7148,0.1199
7149,0.2221
7150,0.465
7151,0.025
7152,0.0605
7153,0.0164
7154,0.1061
7155,0.1775
7156,0.4868
7157,0.1036
7158,0.4014
7159,0.0777
7160,0.498
7161,0.0616
7162,0.3903
7163,0.4605
7164,0.3799
7165,0.3337
7166,0.1426
7167,0.2779
7168,0.3687
7169,0.2243
7170,0.3052
7171,0.384
7172,0.4493
7173,0.0334
7174,0.078
7175,0.2581
7176,0.2144
7177,0.3938
7178,0.3113
7179,0.3661
7180,0.3708
7181,0.2316
7182,0.1351
7183,0.1233
7184,0.2388
7185,0.126
7186,0.3421
7187,0.1424
7188,0.0569
7189,0.1234
7190,0.0278
7191,0.081
7192,0.4149
7193,0.0389
7194,0.0946
7195,0.4424
7196,0.0321
7197,0.4821
7198,0.102
7199,0.4652
7200,0.4676
7201,0.2444
7202,0.3561
7203,0.0412
7204,0.3724
7205,0.3183
7206,0.3312
7207,0.3175
7208,0.3175
7209,0.3393
7210,0.4382
7211,0.0946
7212,0.22
7213,0.1918
7214,0.2027
7215,0.2364
7216,0.3077
7217,0.0721
7218,0.1857
7219,0.3897
7220,0.3682
7221,0.033
7222,0.1619
7223,0.2184
7224,0.447
7225,0.2253
7226,0.2075
7227,0.3025
7228,0.2446
7229,0.4712
7230,0.2205
7231,0.2833
7232,0.3995
7233,0.3645
7234,0.1533
7235,0.4014
7236,0.4691
7237,0.4541
7238,0.3287
7239,0.2033
7240,0.0131
7241,0.3874
7242,0.2996
7243,0.124
7244,0.2012
7245,0.4813
7246,0.3119
7247,0.1125
7248,0.0905
7249,0.0132
7250,0.2764
7251,0.1341
7252,0.2243
7253,0.2105
7254,0.4157
7255,0.1831
7256,0.3403
7257,0.4529
7258,0.0524
7259,0.1501
7260,0.0729
7261,0.4395
7262,0.203
7263,0.4857
7264,0.1376
7265,0.1999
7266,0.3559
7267,0.3006
7268,0.4479
7269,0.071
7270,0.1501
7271,0.1551
7272,0.1373
7273,0.2575
7274,0.4214
7275,0.1396
7276,0.3528
7277,0.2274
7278,0.2279
7279,0.1922
7280,0.191
7281,0.0558
7282,0.1539
7283,0.1268
7284,0.4107
7285,0.1989
7286,0.0394
7287,0.1768
7288,0.3297
7289,0.2285
7290,0.1982
7291,0.2677
7292,0.3248
7293,0.1408
7294,0.4025
7295,0.3807
7296,0.4315
7297,0.4847
7298,0.1839
7299,0.376
7300,0.4442
7301,0.4717
7302,0.3347
7303,0.4582
7304,0.344
7305,0.3297
7306,0.4484
7307,0.0911
7308,0.0795
7309,0.3923
7310,0.3826
7311,0.1874
7312,0.114
7313,0.2947
7314,0.3978
7315,0.3306
7316,0.2497
7317,0.2441
7318,0.4318
7319,0.3621
7320,0.0446
7321,0.2503
7322,0.1211
7323,0.4798
7324,0.3129
7325,0.4754
7326,0.0263
7327,0.0407
7328,0.3681
7329,0.055
7330,0.3047
7331,0.0086
7332,0.3264
7333,0.3654
7334,0.0484
7335,0.3691
7336,0.3938
7337,0.0043
7338,0.0415
7339,0.0107
7340,0.2725
7341,0.4415
7342,0.0721
7343,0.3223
7344,0.4667
7345,0.4346
7346,0.3384
7347,0.2737
7348,0.1923
7349,0.2632
7350,0.2117
7351,0.3549
7352,0.4366
7353,0.1456
7354,0.1105
7355,0.135
7356,0.4912
7357,0.0266
7358,0.3574
7359,0.0708
7360,0.2112
7361,0.46
7362,0.369
7363,0.3726
7364,0.4435
7365,0.1325
7366,0.054
7367,0.4326
7368,0.3905
7369,0.4386
7370,0.2909
7371,0.4353
7372,0.4505
7373,0.4856
7374,0.2028
7375,0.099
7376,0.1968
7377,0.0563
7378,0.3401
7379,0.3112
7380,0.4009
7381,0.2305
7382,0.2313
7383,0.379
7384,0.0054
7385,0.2839
7386,0.3916
7387,0.0766
7388,0.0145
7389,0.2675
7390,0.1311
7391,0.1411
7392,0.1291
7393,0.1529
7394,0.0794
7395,0.2252
7396,0.4289
7397,0.411
7398,0.0961
7399,0.0344
7400,0.4754
7401,0.3405
7402,0.3635
7403,0.267
7404,0.172
7405,0.2566
7406,0.3129
7407,0.0507
7408,0.2781
7409,0.0555
7410,0.245
7411,0.3688
7412,0.4221
7413,0.3643
7414,0.3562
7415,0.308
7416,0.3093
7417,0.0483
7418,0.2991
7419,0.1623
7420,0.0587
7421,0.3258
7422,0.1441
7423,0.4464
7424,0.1797
7425,0.3896
7426,0.1799
7427,0.482
7428,0.2211
7429,0.477
7430,0.0046
7431,0.3959
7432,0.3224
7433,0.0525
7434,0.2083
7435,0.3711
7436,0.0191
7437,0.2712
7438,0.0278
7439,0.2104
7440,0.0868
7441,0.1871
7442,0.4062
7443,0.1726
7444,0.0395
7445,0.2121
7446,0.0122
7447,0.4795
7448,0.1024
7449,0.0902
7450,0.4234
7451,0.086
7452,0.4982
7453,0.3122
7454,0.0092
7455,0.0263
7456,0.3865
7457,0.3949
7458,0.4402
7459,0.0731
7460,0.0118
7461,0.0414
7462,0.4678
7463,0.356
7464,0.3471
7465,0.2541
7466,0.4854
7467,0.2403
7468,0.4062
7469,0.4929
7470,0.3023
7471,0.0634
7472,0.3807
7473,0.3804
7474,0.3807
7475,0.2601
7476,0.085
7477,0.1237
7478,0.0275
7479,0.0682
7480,0.4541
7481,0.1138
7482,0.3623
7483,0.3123
7484,0.0032
7485,0.3522
7486,0.1523
7487,0.2798
7488,0.0223
7489,0.4056
7490,0.2748
7491,0.2037
7492,0.3725
7493,0.0376
7494,0.4769
7495,0.2659
7496,0.4387
7497,0.1446
7498,0.2495
7499,0.2593
7500,0.2438
7501,0.1656
7502,0.1768
7503,0.3921
7504,0.0953
7505,0.0547
7506,0.1797
7507,0.0721
7508,0.0937
7509,0.4586
7510,0.2022
7511,0.3992
7512,0.419
7513,0.1034
7514,0.4427
7515,0.0779
7516,0.0922
7517,0.2522
7518,0.4825
7519,0.0093
7520,0.3757
7521,0.2752
7522,0.3906
7523,0.2304
7524,0.2021
7525,0.444
7526,0.2647
7527,0.2009
7528,0.1838
7529,0.2116
7530,0.4338
7531,0.3983
7532,0.4637
7533,0.0078
7534,0.3909
7535,0.0901
7536,0.4544
7537,0.0901
7538,0.3586
7539,0.1078
7540,0.2153
7541,0.4538
7542,0.127
7543,0.0176
7544,0.0506
7545,0.0589
7546,0.2714
7547,0.2897
7548,0.3287
7549,0.4551
7550,0.05
7551,0.0685
7552,0.2424
7553,0.4241
7554,0.4001
7555,0.2231
7556,0.1424
7557,0.0541
7558,0.4814
7559,0.4706
7560,0.1963
7561,0.2347
7562,0.1394
7563,0.2317
7564,0.3162
7565,0.0864
7566,0.4067
7567,0.381
7568,0.3738
7569,0.1805
7570,0.0628
7571,0.2079
7572,0.2922
7573,0.0901
7574,0.0853
7575,0.0129
7576,0.1925
7577,0.4041
7578,0.4299
7579,0.1192
7580,0.141
7581,0.1409
7582,0.4911
7583,0.2094
7584,0.1676
7585,0.1427
7586,0.2275
7587,0.3106
7588,0.2638
7589,0.2797
7590,0.468
7591,0.4229
7592,0.3556
7593,0.1306
7594,0.2503
7595,0.402
7596,0.2106
7597,0.0614
7598,0.4641
7599,0.2312
7600,0.3524
7601,0.4688
7602,0.2931
7603,0.321
7604,0.3732
7605,0.0053
7606,0.2146
7607,0.494
7608,0.076
7609,0.0324
7610,0.0252
7611,0.1417
7612,0.461
7613,0.1675
7614,0.2061
7615,0.2136
7616,0.2597
7617,0.0393
7618,0.3933
7619,0.4333
7620,0.4745
7621,0.0358
7622,0.1136
7623,0.0487
7624,0.4232
7625,0.0051
7626,0.0288
7627,0.0027
7628,0.4013
7629,0.2898
7630,0.2492
7631,0.1797
7632,0.1392
7633,0.1603
7634,0.0485
7635,0.1952
7636,0.3747
7637,0.4019
7638,0.3699
7639,0.4793
7640,0.1695
7641,0.1251
7642,0.4782
7643,0.4787
7644,0.4225
7645,0.4941
7646,0.3225
7647,0.0427
7648,0.0044
7649,0.1863
7650,0.1109
7651,0.0495
7652,0.4634
7653,0.3315
7654,0.2035
7655,0.2801
7656,0.4489
7657,0.1999
7658,0.1877
7659,0.1873
7660,0.1819
7661,0.474
7662,0.189
7663,0.4221
7664,0.4923
7665,0.0266
7666,0.0193
7667,0.2228
7668,0.0439
7669,0.3304
7670,0.0174
7671,0.0416
7672,0.2025
7673,0.0759
7674,0.4277
7675,0.0173
7676,0.0412
7677,0.141
7678,0.0189
7679,0.4222
7680,0.4962
7681,0.373
7682,0.2062
7683,0.4357
7684,0.3652
7685,0.2641
7686,0.1107
7687,0.0391
7688,0.3195
7689,0.0507
7690,0.0243
7691,0.1077
7692,0.4809
7693,0.4033
7694,0.3054
7695,0.0401
7696,0.3845
7697,0.2376
7698,0.216
7699,0.0224
7700,0.3478
7701,0.3299
7702,0.4491
7703,0.2718
7704,0.3458
7705,0.0085
7706,0.3768
7707,0.4446
7708,0.2905
7709,0.3874
7710,0.3952
7711,0.1827
7712,0.1061
7713,0.1077
7714,0.4726
7715,0.4015
7716,0.2824
7717,0.0509
7718,0.1181
7719,0.2737
7720,0.0957
7721,0.1387
7722,0.1706
7723,0.2446
7724,0.3123
7725,0.0689
7726,0.1185
7727,0.3185
7728,0.3634
7729,0.1485
7730,0.0042
7731,0.1952
7732,0.4784
7733,0.1986
7734,0.2455
7735,0.367
7736,0.3496
7737,0.1355
7738,0.3186
7739,0.2753
7740,0.1241
7741,0.3893
7742,0.0912
7743,0.2914
7744,0.1393
7745,0.0412
7746,0.2693
7747,0.153
7748,0.2281
7749,0.3414
7750,0.3758
7751,0.1407
7752,0.3135
7753,0.2838
7754,0.0938
7755,0.1337
7756,0.145
7757,0.3673
7758,0.4534
7759,0.4956
7760,0.3377
7761,0.1059
7762,0.1568
7763,0.4411
7764,0.1533
7765,0.4366
7766,0.1011
7767,0.3502
7768,0.0474
7769,0.4185
7770,0.3332
7771,0.2208
7772,0.1857
7773,0.0961
7774,0.016
7775,0.1912
7776,0.4897
7777,0.3093
7778,0.1014
7779,0.3201
7780,0.212
7781,0.0355
7782,0.1012
7783,0.0183
7784,0.1047
7785,0.1151
7786,0.4561
7787,0.1435
7788,0.4744
7789,0.2185
7790,0.4574
7791,0.4993
7792,0.2206
7793,0.2351
7794,0.4078
7795,0.0737
7796,0.3816
7797,0.0466
7798,0.036
7799,0.3616
7800,0.4333
7801,0.2385
7802,0.128
7803,0.0473
7804,0.4613
7805,0.1716
7806,0.222
7807,0.2138
7808,0.4891
7809,0.4364
7810,0.3275
7811,0.344
7812,0.237
7813,0.2983
7814,0.0534
7815,0.1761
7816,0.1197
7817,0.2689
7818,0.0212
7819,0.3819
7820,0.2522
7821,0.3449
7822,0.4305
7823,0.0484
7824,0.4533
7825,0.2309
7826,0.0745
7827,0.1719
7828,0.093
7829,0.2088
7830,0.1092
7831,0.1017
7832,0.0737
7833,0.0791
7834,0.056
7835,0.1843
7836,0.4361
7837,0.3042
7838,0.2144
7839,0.4446
7840,0.1371
7841,0.3816
7842,0.323
7843,0.4103
7844,0.0723
7845,0.3399
7846,0.2129
7847,0.4013
7848,0.2114
7849,0.204
7850,0.0024
7851,0.303
7852,0.0537
7853,0.3278
7854,0.3825
7855,0.1768
7856,0.1699
7857,0.2799
7858,0.4595
7859,0.1491
7860,0.4718
7861,0.2738
7862,0.0617
7863,0.2612
7864,0.2693
7865,0.2572
7866,0.0701
7867,0.2147
7868,0.2391
7869,0.0204
7870,0.1948
7871,0.2837
7872,0.2431
7873,0.4043
7874,0.3131
7875,0.0065
7876,0.1603
7877,0.0413
7878,0.3749
7879,0.1501
7880,0.3223
7881,0.2731
7882,0.4734
7883,0.1279
7884,0.0134
7885,0.3904
7886,0.1017
7887,0.1325
7888,0.0023
7889,0.1079
7890,0.3313
7891,0.2114
7892,0.043
7893,0.3614
7894,0.0549
7895,0.4723
7896,0.1436
7897,0.0752
7898,0.4093
7899,0.2774
7900,0.3741
7901,0.0971
7902,0.347
7903,0.3708
7904,0.2899
7905,0.1285
7906,0.4713
7907,0.2492
7908,0.2424
7909,0.1415
7910,0.0893
7911,0.1375
7912,0.3721
7913,0.1794
7914,0.4792
7915,0.2654
7916,0.3755
7917,0.2671
7918,0.4497
7919,0.0366
7920,0.3821
7921,0.2909
7922,0.141
7923,0.4471
7924,0.273
7925,0.0342
7926,0.3784
7927,0.3502
7928,0.4875
7929,0.3388
7930,0.1683
7931,0.2908
7932,0.3453
7933,0.363
7934,0.1877
7935,0.0768
7936,0.1503
7937,0.3018
7938,0.1273
7939,0.1116
7940,0.4092
7941,0.3157
7942,0.4294
7943,9e-04
7944,0.0956
7945,0.4262
7946,0.463
7947,0.109
7948,0.2396
7949,0.0283
7950,0.3704
7951,0.3625
7952,0.1547
7953,0.1609
7954,0.0573
7955,0.2599
7956,0.0529
7957,0.0041
7958,0.3056
7959,0.2289
7960,0.1054
7961,0.0264
7962,0.4296
7963,0.1914
7964,0.0627
7965,0.4353
7966,0.4929
7967,0.1883
7968,0.114
7969,0.0972
7970,0.1027
7971,0.4783
7972,0.1383
7973,0.0442
7974,0.3012
7975,0.4281
7976,0.1403
7977,0.028
7978,0.0053
7979,0.2883
7980,0.2654
7981,0.4042
7982,0.2699
7983,0.04
7984,0.098
7985,0.242
7986,0.439
7987,0.2178
7988,0.4917
7989,0.4433
7990,0.3293
7991,0.1075
7992,0.3668
7993,0.2266
7994,0.248
7995,0.0504
7996,0.1558
7997,0.4013
7998,0.4228
7999,0.067
8000,0.3489
